Weapon,Case,Rarity,Min Wear,Max Wear,Case_1,StatTrak Factory New,StatTrak Minimal Wear,StatTrak Field-Tested,StatTrak Well-Worn,StatTrak Battle-Scarred,Factory New,Minimal Wear,Field-Tested,Well-Worn,Battle-Scarred
CZ75-Auto,Victoria,Covert Pistol,0.00,0.75,CS:GO Weapon Case 3,$147.62,$71.96,$35.04,$49.15,$29.69,$13.57,$6.57,$5.24,$10.74,$5.95
CZ75-Auto,Xiangliu,Classified Pistol,0.00,0.56,Spectrum Case,$29.98,$26.79,$17.10,$17.09,$17.60,$14.27,$10.14,$8.32,$8.06,$7.76
CZ75-Auto,Yellow Jacket,Classified Pistol,0.00,1.00,Falchion Case,$47.44,$19.56,$9.74,$8.83,$8.14,$14.43,$6.56,$4.37,$4.20,$3.60
CZ75-Auto,The Fuschia Is Now,Classified Pistol,0.00,0.40,CS:GO Weapon Case 3,$56.93,$30.67,$24.88,$65.51,Not Possible,$64.00,$37.91,$23.05,$56.09,Not Possible
CZ75-Auto,Eco,Restricted Pistol,0.00,1.00,Horizon Case,$8.00,$3.47,$1.46,$1.35,$1.15,$3.23,$1.58,$0.80,$0.58,$0.50
CZ75-Auto,Tacticat,Restricted Pistol,0.00,0.70,Spectrum 2 Case,$4.04,$1.85,$0.92,$0.89,$0.78,$1.72,$0.73,$0.36,$0.37,$0.35
CZ75-Auto,Red Astor,Restricted Pistol,0.00,1.00,Chroma 3 Case,$4.19,$1.76,$0.80,$0.62,$0.60,$1.49,$0.69,$0.34,$0.28,$0.27
CZ75-Auto,Pole Position,Restricted Pistol,0.00,0.70,Chroma 2 Case,$5.72,$1.92,$0.74,$0.84,$0.93,$2.00,$0.77,$0.34,$0.36,$0.29
CZ75-Auto,Tigris,Restricted Pistol,0.00,1.00,Operation Breakout Weapon Case,$5.86,$2.76,$1.93,$1.62,$1.24,$1.96,$0.83,$0.53,$0.46,$0.46
CZ75-Auto,Tread Plate,Restricted Pistol,0.00,0.20,CS:GO Weapon Case 3,$25.32,$14.32,$13.65,Not Possible,Not Possible,$8.00,$7.50,$7.42,Not Possible,Not Possible
CZ75-Auto,Circaetus,Mil-Spec Pistol,0.00,0.90,Snakebite Case,$1.63,$0.57,$0.24,$0.23,$0.23,$0.51,$0.16,$0.09,$0.10,$0.09
CZ75-Auto,Vendetta,Mil-Spec Pistol,0.00,1.00,Operation Broken Fang Case,$2.87,$1.19,$0.49,$0.38,$0.34,$1.08,$0.57,$0.55,$0.41,$0.42
CZ75-Auto,Distressed,Mil-Spec Pistol,0.00,1.00,Prisma 2 Case,$1.28,$0.27,$0.12,$0.11,$0.11,$0.25,$0.12,$0.07,$0.07,$0.07
CZ75-Auto,Polymer,Mil-Spec Pistol,0.00,0.50,Glove Case,$1.21,$0.57,$0.29,$0.29,$0.29,$0.31,$0.13,$0.10,$0.10,$0.11
CZ75-Auto,Imprint,Mil-Spec Pistol,0.00,1.00,Gamma 2 Case,$2.31,$0.29,$0.15,$0.11,$0.12,$0.40,$0.11,$0.10,$0.09,$0.08
CZ75-Auto,Hexane,Mil-Spec Pistol,0.00,0.40,eSports 2014 Summer Case,$10.94,$3.23,$1.69,$9.28,Not Possible,$5.67,$2.31,$2.20,$2.61,Not Possible
CZ75-Auto,Twist,Mil-Spec Pistol,0.00,1.00,Huntsman Weapon Case,$3.46,$2.24,$1.78,$1.54,$1.40,$2.87,$2.39,$2.87,$2.20,$2.02
CZ75-Auto,Poison Dart,Mil-Spec Pistol,0.00,0.70,The Huntsman Collection,$26.99,$5.29,$2.30,$4.26,$2.23,$10.18,$3.14,$2.90,$40.25,$3.63
CZ75-Auto,Crimson Web,Mil-Spec Pistol,0.06,0.80,CS:GO Weapon Case 3,$87.77,$5.48,$2.90,$3.01,$2.37,$20.31,$1.86,$1.49,$1.69,$1.44
Desert Eagle,Ocean Drive,Covert Pistol,0.00,1.00,Operation Riptide Case,$639.56,$152.97,$63.25,$42.82,$41.51,$151.12,$46.62,$20.37,$15.72,$13.57
Desert Eagle,Printstream,Covert Pistol,0.00,0.80,Fracture Case,$227.96,$107.31,$73.37,$86.28,$64.59,$98.75,$54.97,$39.16,$38.33,$30.32
Desert Eagle,Code Red,Covert Pistol,0.00,1.00,Horizon Case,$229.78,$93.09,$54.54,$50.38,$42.04,$83.41,$36.98,$23.01,$19.12,$18.12
Desert Eagle,Golden Koi,Covert Pistol,0.00,0.12,Operation Bravo Case,$306.13,$249.98,Not Possible,Not Possible,Not Possible,$105.15,$99.74,Not Possible,Not Possible,Not Possible
Desert Eagle,Mecha Industries,Classified Pistol,0.00,0.60,Danger Zone Case,$25.82,$14.75,$10.04,$12.00,$9.55,$9.60,$5.91,$4.04,$4.73,$3.73
Desert Eagle,Kumicho Dragon,Classified Pistol,0.00,0.76,Operation Wildfire Case,$113.28,$60.00,$40.30,$52.44,$40.65,$37.15,$24.54,$15.44,$17.48,$13.77
Desert Eagle,Conspiracy,Classified Pistol,0.00,0.30,Operation Breakout Weapon Case,$28.75,$19.16,$15.07,Not Possible,Not Possible,$9.38,$6.35,$5.44,Not Possible,Not Possible
Desert Eagle,Cobalt Disruption,Classified Pistol,0.00,0.20,eSports 2013 Winter Case,$205.00,$141.25,$113.58,Not Possible,Not Possible,$92.01,$73.00,$67.91,Not Possible,Not Possible
Desert Eagle,Hypnotic,Classified Pistol,0.00,0.08,CS:GO Weapon Case,$188.29,$223.17,Not Possible,Not Possible,Not Possible,$120.47,$148.95,Not Possible,Not Possible,Not Possible
Desert Eagle,Trigger Discipline,Restricted Pistol,0.00,0.97,Snakebite Case,$10.21,$4.03,$1.57,$1.18,$1.06,$2.61,$1.03,$0.39,$0.25,$0.24
Desert Eagle,Light Rail,Restricted Pistol,0.00,0.90,Prisma Case,$19.29,$6.23,$2.50,$3.26,$2.38,$4.98,$1.53,$0.60,$0.57,$0.51
Desert Eagle,Directive,Restricted Pistol,0.06,1.00,Gamma 2 Case,$57.46,$7.26,$1.53,$1.42,$1.28,$11.04,$1.47,$0.31,$0.28,$0.27
Desert Eagle,Naga,Restricted Pistol,0.00,1.00,Chroma Case,$24.05,$7.30,$3.74,$3.74,$3.84,$6.93,$2.38,$1.43,$1.24,$1.24
Desert Eagle,Crimson Web,Restricted Pistol,0.06,0.80,eSports 2014 Summer Case,$459.96,$66.78,$15.61,$13.60,$14.06,$139.79,$25.00,$7.49,$9.06,$8.41
Desert Eagle,Heirloom,Restricted Pistol,0.00,0.80,CS:GO Weapon Case 3,$75.24,$26.83,$14.43,$21.02,$14.54,$16.91,$8.36,$6.01,$7.54,$5.35
Desert Eagle,Blue Ply,Mil-Spec Pistol,0.00,1.00,Prisma 2 Case,$8.70,$1.34,$0.59,$0.50,$0.50,$1.19,$0.23,$0.13,$0.10,$0.10
Desert Eagle,Oxide Blaze,Mil-Spec Pistol,0.00,0.50,Spectrum Case,$2.01,$1.26,$0.85,$1.09,$2.12,$0.41,$0.26,$0.20,$0.21,$0.21
Desert Eagle,Corinthian,Mil-Spec Pistol,0.00,0.44,Revolver Case,$4.00,$2.50,$1.79,$4.11,Not Possible,$0.72,$0.36,$0.23,$0.36,Not Possible
Desert Eagle,Bronze Deco,Mil-Spec Pistol,0.00,0.46,Chroma 2 Case,$2.50,$1.52,$0.57,$1.08,$5.40,$0.74,$0.37,$0.16,$0.21,$1.20
Dual Berettas,Melondrama,Classified Pistol,0.00,1.00,Dreams & Nightmares Case,$25.10,$6.90,$2.73,$2.14,$2.14,$9.26,$3.36,$1.50,$1.26,$1.26
Dual Berettas,Cobra Strike,Classified Pistol,0.00,0.60,Operation Hydra Case,$163.83,$150.00,$83.12,$75.68,$79.87,$66.62,$52.10,$46.00,$45.56,$45.80
Dual Berettas,Flora Carnivora,Restricted Pistol,0.00,1.00,Recoil Case,$7.66,$2.76,$1.15,$0.96,$0.87,$2.69,$1.00,$0.54,$0.46,$0.40
Dual Berettas,Dezastre,Restricted Pistol,0.00,1.00,Operation Broken Fang Case,$16.59,$8.10,$3.47,$2.81,$2.53,$7.67,$3.94,$2.81,$1.87,$1.88
Dual Berettas,Royal Consorts,Restricted Pistol,0.00,1.00,Glove Case,$12.03,$3.39,$0.93,$0.76,$0.95,$3.10,$1.07,$0.43,$0.29,$0.30
Dual Berettas,Urban Shock,Restricted Pistol,0.00,0.47,Chroma Case,$8.69,$6.75,$5.00,$3.75,$4.39,$3.08,$2.14,$1.38,$1.41,$1.88
Dual Berettas,Marina,Restricted Pistol,0.05,0.50,Winter Offensive Weapon Case,$69.26,$14.45,$10.90,$10.92,$13.85,$23.17,$6.23,$5.01,$6.28,$9.40
Dual Berettas,Hemoglobin,Restricted Pistol,0.00,0.20,CS:GO Weapon Case 2,$28.26,$23.94,$19.63,Not Possible,Not Possible,$12.56,$11.16,$11.07,Not Possible,Not Possible
Dual Berettas,Tread,Mil-Spec Pistol,0.00,1.00,Operation Riptide Case,$4.88,$2.35,$0.73,$0.40,$0.42,$1.26,$0.83,$0.66,$0.31,$0.29
Dual Berettas,Balance,Mil-Spec Pistol,0.00,1.00,Shattered Web Case,$8.08,$2.18,$1.30,$0.93,$1.03,$3.22,$1.15,$1.11,$1.01,$1.08
Dual Berettas,Elite 1.6,Mil-Spec Pistol,0.00,0.70,CS20 Case,$1.23,$0.37,$0.18,$0.43,$0.19,$0.27,$0.14,$0.15,$0.12,$0.10
Dual Berettas,Shred,Mil-Spec Pistol,0.00,0.50,Horizon Case,$1.76,$0.72,$0.32,$0.81,$0.30,$0.37,$0.23,$0.14,$0.13,$0.12
Dual Berettas,Ventilators,Mil-Spec Pistol,0.00,0.45,Chroma 3 Case,$1.22,$0.46,$0.21,$0.37,Not Possible,$0.26,$0.13,$0.08,$0.08,Not Possible
Dual Berettas,Cartel,Mil-Spec Pistol,0.00,1.00,Operation Wildfire Case,$5.83,$1.04,$0.58,$0.46,$0.46,$1.58,$0.57,$0.61,$0.39,$0.37
Dual Berettas,Dualing Dragons,Mil-Spec Pistol,0.00,1.00,Shadow Case,$9.43,$1.40,$0.64,$0.46,$0.52,$2.49,$0.51,$0.24,$0.18,$0.18
Dual Berettas,Retribution,Mil-Spec Pistol,0.00,0.45,The Huntsman Collection,$5.55,$3.22,$2.09,$5.34,Not Possible,$5.02,$3.87,$4.86,$8.48,Not Possible
Dual Berettas,Panther,Mil-Spec Pistol,0.00,0.58,CS:GO Weapon Case 3,$9.82,$5.21,$3.05,$6.00,$2.56,$3.36,$2.50,$2.14,$2.50,$2.61
Dual Berettas,Black Limba,Mil-Spec Pistol,0.06,0.80,Operation Bravo Case,$60.22,$7.98,$6.50,$7.20,$6.02,$24.03,$7.99,$7.31,$7.59,$6.97
Five-SeveN,Angry Mob,Covert Pistol,0.00,0.70,Prisma Case,$48.99,$20.14,$9.46,$12.42,$9.11,$12.22,$6.28,$2.99,$4.72,$2.72
Five-SeveN,Hyper Beast,Covert Pistol,0.00,1.00,Operation Hydra Case,$631.92,$203.97,$111.89,$81.92,$90.85,$146.77,$51.33,$32.75,$27.63,$27.03
Five-SeveN,Fairy Tale,Classified Pistol,0.02,0.90,Operation Broken Fang Case,$144.59,$60.74,$25.72,$24.08,$20.90,$55.70,$28.61,$17.45,$16.50,$15.10
Five-SeveN,Monkey Business,Classified Pistol,0.10,0.90,Chroma 2 Case,Not Possible,$43.67,$6.62,$4.99,$5.89,Not Possible,$13.82,$2.73,$2.20,$2.08
Five-SeveN,Fowl Play,Classified Pistol,0.00,1.00,Operation Breakout Weapon Case,$31.59,$12.57,$6.38,$5.61,$5.37,$8.52,$3.91,$2.54,$2.33,$2.38
Five-SeveN,Boost Protocol,Restricted Pistol,0.00,0.41,Operation Riptide Case,$10.37,$5.94,$3.08,$4.85,Not Possible,$3.14,$1.97,$1.34,$1.74,Not Possible
Five-SeveN,Buddy,Restricted Pistol,0.00,0.55,CS20 Case,$4.21,$2.50,$1.42,$1.34,$1.38,$1.69,$1.05,$0.69,$1.03,$0.58
Five-SeveN,Triumvirate,Restricted Pistol,0.00,0.61,Operation Wildfire Case,$8.30,$6.09,$4.16,$3.68,$3.31,$4.49,$3.18,$2.22,$2.30,$2.00
Five-SeveN,Retrobution,Restricted Pistol,0.00,1.00,Revolver Case,$7.85,$3.92,$1.99,$1.33,$1.43,$3.02,$1.38,$0.77,$0.64,$0.54
Five-SeveN,Copper Galaxy,Restricted Pistol,0.00,0.20,CS:GO Weapon Case 3,$31.11,$25.08,$25.12,Not Possible,Not Possible,$10.48,$9.82,$10.18,Not Possible,Not Possible
Five-SeveN,Case Hardened,Restricted Pistol,0.00,1.00,CS:GO Weapon Case 2,$109.50,$43.05,$29.72,$30.38,$27.62,$29.00,$17.49,$13.28,$13.62,$12.67
Five-SeveN,Scrawl,Mil-Spec Pistol,0.00,1.00,Dreams & Nightmares Case,$1.65,$0.37,$0.13,$0.13,$0.18,$0.28,$0.11,$0.07,$0.07,$0.07
Five-SeveN,Flame Test,Mil-Spec Pistol,0.00,0.65,Clutch Case,$0.74,$0.28,$0.12,$0.21,$0.12,$0.23,$0.11,$0.07,$0.07,$0.07
Five-SeveN,Capillary,Mil-Spec Pistol,0.00,0.70,Spectrum Case,$1.15,$0.66,$0.32,$0.52,$0.25,$0.32,$0.24,$0.18,$0.19,$0.14
Five-SeveN,Scumbria,Mil-Spec Pistol,0.00,1.00,Gamma 2 Case,$2.20,$0.31,$0.13,$0.12,$0.12,$0.48,$0.11,$0.09,$0.08,$0.07
Five-SeveN,Violent Daimyo,Mil-Spec Pistol,0.00,0.70,Gamma Case,$2.72,$0.96,$0.35,$1.29,$0.28,$0.49,$0.19,$0.11,$0.21,$0.11
Five-SeveN,Urban Hazard,Mil-Spec Pistol,0.00,0.25,Operation Vanguard Weapon Case,$3.22,$2.31,$1.92,Not Possible,Not Possible,$1.06,$0.76,$0.64,Not Possible,Not Possible
Five-SeveN,Nightshade,Mil-Spec Pistol,0.00,0.50,eSports 2013 Winter Case,$6.62,$5.90,$5.14,$4.53,$3.68,$2.03,$1.46,$1.29,$1.38,$1.58
Five-SeveN,Kami,Mil-Spec Pistol,0.00,0.30,Winter Offensive Weapon Case,$2.99,$1.89,$1.90,Not Possible,Not Possible,$1.64,$0.97,$0.99,Not Possible,Not Possible
Glock-18,Neo-Noir,Covert Pistol,0.00,1.00,Operation Broken Fang Case,$323.23,$94.16,$43.82,$32.85,$31.66,$61.90,$23.88,$10.94,$8.31,$7.28
Glock-18,Bullet Queen,Covert Pistol,0.00,1.00,Prisma 2 Case,$216.60,$67.80,$28.00,$19.10,$15.49,$49.82,$16.37,$7.31,$5.17,$4.60
Glock-18,Wasteland Rebel,Covert Pistol,0.00,0.54,Gamma Case,$40.87,$26.19,$19.50,$20.20,$20.09,$6.78,$4.57,$4.25,$6.55,$4.14
Glock-18,Snack Attack,Classified Pistol,0.00,1.00,Operation Riptide Case,$130.00,$28.93,$13.04,$9.66,$10.86,$24.03,$7.37,$3.86,$2.73,$2.59
Glock-18,Vogue,Classified Pistol,0.00,0.75,Fracture Case,$22.42,$12.94,$5.57,$7.64,$5.20,$8.79,$5.32,$3.02,$2.82,$2.48
Glock-18,Water Elemental,Classified Pistol,0.00,0.70,Operation Breakout Weapon Case,$63.25,$30.09,$15.94,$19.52,$13.68,$13.13,$6.76,$4.17,$6.35,$3.70
Glock-18,Umbral Rabbit,Restricted Pistol,0.00,0.75,Revolution Case,$6.93,$3.37,$1.12,$1.77,$0.73,$1.92,$1.01,$0.36,$0.43,$0.27
Glock-18,Moonrise,Restricted Pistol,0.00,0.65,Clutch Case,$4.66,$1.93,$0.69,$1.41,$0.64,$1.44,$0.70,$0.31,$0.40,$0.29
Glock-18,Weasel,Restricted Pistol,0.00,1.00,Gamma 2 Case,$11.46,$2.68,$1.06,$0.81,$0.73,$2.09,$0.63,$0.30,$0.27,$0.27
Glock-18,Royal Legion,Restricted Pistol,0.00,1.00,Operation Wildfire Case,$32.94,$7.52,$4.02,$3.83,$3.46,$7.86,$3.16,$2.53,$2.13,$2.10
Glock-18,Grinder,Restricted Pistol,0.02,0.25,Operation Vanguard Weapon Case,$8.52,$6.52,$6.55,Not Possible,Not Possible,$2.25,$1.76,$1.90,Not Possible,Not Possible
Glock-18,Steel Disruption,Restricted Pistol,0.00,0.20,eSports 2014 Summer Case,$13.15,$10.07,$10.48,Not Possible,Not Possible,$5.18,$5.21,$5.14,Not Possible,Not Possible
Glock-18,Dragon Tattoo,Restricted Pistol,0.00,0.08,CS:GO Weapon Case,$273.78,$287.64,Not Possible,Not Possible,Not Possible,$93.09,$93.09,Not Possible,Not Possible,Not Possible
Glock-18,Winterized,Mil-Spec Pistol,0.00,1.00,Recoil Case,$3.22,$0.37,$0.14,$0.13,$0.13,$0.30,$0.13,$0.08,$0.07,$0.07
Glock-18,Clear Polymer,Mil-Spec Pistol,0.00,1.00,Snakebite Case,$3.65,$0.70,$0.27,$0.23,$0.23,$0.57,$0.16,$0.09,$0.09,$0.09
Glock-18,Sacrifice,Mil-Spec Pistol,0.00,1.00,CS20 Case,$7.70,$1.23,$0.50,$0.31,$0.32,$1.15,$0.20,$0.16,$0.09,$0.10
Glock-18,Oxide Blaze,Mil-Spec Pistol,0.00,0.85,Danger Zone Case,$1.63,$0.37,$0.14,$0.28,$0.15,$0.31,$0.13,$0.08,$0.09,$0.08
Glock-18,Warhawk,Mil-Spec Pistol,0.00,1.00,Horizon Case,$5.03,$0.65,$0.31,$0.25,$0.23,$0.66,$0.26,$0.18,$0.17,$0.17
Glock-18,Off World,Mil-Spec Pistol,0.00,1.00,Spectrum 2 Case,$5.02,$0.58,$0.26,$0.23,$0.26,$0.59,$0.13,$0.09,$0.09,$0.09
Glock-18,Ironwork,Mil-Spec Pistol,0.00,1.00,Glove Case,$8.48,$1.08,$0.43,$0.29,$0.29,$1.29,$0.19,$0.12,$0.11,$0.11
Glock-18,Wraiths,Mil-Spec Pistol,0.00,0.80,Shadow Case,$4.48,$1.00,$0.32,$2.27,$0.35,$0.82,$0.30,$0.13,$0.28,$0.12
Glock-18,Bunsen Burner,Mil-Spec Pistol,0.00,0.80,Falchion Case,$7.20,$1.46,$0.57,$2.41,$0.77,$1.30,$0.35,$0.21,$0.27,$0.23
Glock-18,Catacombs,Mil-Spec Pistol,0.00,0.50,Chroma Case,$2.13,$1.04,$0.57,$1.51,$1.58,$0.42,$0.30,$0.19,$0.27,$1.30
Glock-18,Blue Fissure,Mil-Spec Pistol,0.06,0.58,CS:GO Weapon Case 3,$103.22,$7.54,$2.89,$5.54,$2.50,$19.66,$2.25,$1.65,$2.35,$1.85
P2000,Fire Elemental,Covert Pistol,0.00,0.60,Operation Vanguard Weapon Case,$218.42,$108.99,$74.93,$174.74,$70.97,$37.51,$19.55,$12.89,$16.38,$14.77
P2000,Wicked Sick,Classified Pistol,0.00,1.00,Revolution Case,$40.82,$13.80,$6.13,$4.04,$3.23,$14.44,$6.48,$3.02,$1.96,$1.74
P2000,Imperial Dragon,Classified Pistol,0.00,0.63,Gamma Case,$32.86,$15.23,$7.64,$12.13,$12.08,$8.75,$4.76,$3.00,$3.38,$4.39
P2000,Corticera,Classified Pistol,0.06,0.30,eSports 2014 Summer Case,$60.23,$23.86,$20.75,Not Possible,Not Possible,$17.54,$7.49,$7.42,Not Possible,Not Possible
P2000,Ocean Foam,Classified Pistol,0.00,0.12,Operation Bravo Case,$506.58,$557.37,Not Possible,Not Possible,Not Possible,$150.00,$142.38,Not Possible,Not Possible,Not Possible
P2000,Acid Etched,Restricted Pistol,0.00,1.00,Prisma 2 Case,$9.48,$2.50,$1.10,$0.84,$0.76,$2.53,$0.80,$0.38,$0.34,$0.31
P2000,Obsidian,Restricted Pistol,0.00,1.00,Shattered Web Case,$26.00,$10.08,$3.77,$2.18,$2.44,$11.61,$4.17,$2.00,$1.39,$1.23
P2000,Woodsman,Restricted Pistol,0.00,0.80,Operation Hydra Case,$28.12,$20.43,$14.75,$16.71,$13.82,$15.53,$8.59,$7.15,$6.51,$5.75
P2000,Handgun,Restricted Pistol,0.00,1.00,Falchion Case,$21.22,$4.60,$2.42,$1.43,$1.24,$5.81,$1.75,$0.73,$0.54,$0.48
P2000,Lifted Spirits,Mil-Spec Pistol,0.00,1.00,Dreams & Nightmares Case,$0.95,$0.32,$0.14,$0.13,$0.18,$0.24,$0.11,$0.08,$0.07,$0.07
P2000,Gnarled,Mil-Spec Pistol,0.00,1.00,Fracture Case,$1.20,$0.26,$0.12,$0.12,$0.11,$0.25,$0.11,$0.07,$0.07,$0.07
P2000,Urban Hazard,Mil-Spec Pistol,0.00,1.00,Clutch Case,$1.21,$0.27,$0.11,$0.11,$0.11,$0.29,$0.11,$0.07,$0.07,$0.07
P2000,Turf,Mil-Spec Pistol,0.00,1.00,Glove Case,$5.03,$0.83,$0.29,$0.23,$0.23,$0.99,$0.18,$0.11,$0.12,$0.10
P2000,Oceanic,Mil-Spec Pistol,0.00,0.60,Chroma 3 Case,$1.22,$0.52,$0.16,$0.21,$0.15,$0.28,$0.14,$0.08,$0.10,$0.08
P2000,Imperial,Mil-Spec Pistol,0.00,0.20,Revolver Case,$1.51,$1.09,$0.84,Not Possible,Not Possible,$0.37,$0.24,$0.15,Not Possible,Not Possible
P2000,Ivory,Mil-Spec Pistol,0.00,1.00,Operation Breakout Weapon Case,$3.77,$0.52,$0.27,$0.24,$0.18,$0.64,$0.14,$0.09,$0.08,$0.08
P2000,Pulse,Mil-Spec Pistol,0.00,0.60,Huntsman Weapon Case,$3.00,$2.32,$1.72,$1.85,$1.65,$2.50,$2.39,$2.72,$2.96,$2.72
P2000,Red FragCam,Mil-Spec Pistol,0.00,0.70,CS:GO Weapon Case 3,$7.77,$3.79,$3.01,$3.49,$2.48,$2.47,$1.91,$1.61,$1.50,$1.47
P250,See Ya Later,Covert Pistol,0.00,0.70,Spectrum 2 Case,$55.94,$20.27,$8.60,$15.89,$8.99,$10.92,$5.44,$2.72,$4.46,$2.54
P250,Visions,Classified Pistol,0.00,0.70,Recoil Case,$25.70,$11.96,$6.03,$5.18,$4.40,$10.15,$5.46,$3.07,$2.92,$2.41
P250,Asiimov,Classified Pistol,0.10,1.00,Chroma 3 Case,Not Possible,$70.52,$12.50,$9.94,$7.54,Not Possible,$21.06,$3.05,$2.71,$1.44
P250,Muertos,Classified Pistol,0.00,0.60,Chroma Case,$32.72,$16.41,$13.11,$15.30,$15.37,$9.78,$5.48,$4.40,$5.45,$5.22
P250,Cartel,Classified Pistol,0.00,0.75,Operation Vanguard Weapon Case,$83.43,$24.03,$16.44,$18.00,$16.93,$17.10,$6.82,$5.13,$6.57,$5.68
P250,Undertow,Classified Pistol,0.00,0.20,CS:GO Weapon Case 3,$69.69,$48.00,$44.55,Not Possible,Not Possible,$60.95,$53.75,$56.29,Not Possible,Not Possible
P250,Mehndi,Classified Pistol,0.00,1.00,Winter Offensive Weapon Case,$111.70,$43.88,$38.32,$26.22,$27.55,$25.13,$14.87,$12.01,$12.28,$11.77
P250,Cyber Shell,Restricted Pistol,0.00,0.85,Snakebite Case,$3.74,$1.26,$0.43,$0.57,$0.39,$1.41,$0.54,$0.23,$0.25,$0.23
P250,Inferno,Restricted Pistol,0.00,0.68,CS20 Case,$5.11,$2.36,$1.32,$1.85,$0.92,$1.87,$1.03,$0.71,$0.57,$0.51
P250,X-Ray,Restricted Pistol,0.00,0.30,X-Ray P250 Package,$3.26,$1.64,$1.42,Not Possible,Not Possible,$0.50,$0.28,$0.25,Not Possible,Not Possible
P250,Nevermore,Restricted Pistol,0.00,0.40,Danger Zone Case,$3.79,$1.89,$1.40,$3.08,Not Possible,$1.43,$0.78,$0.55,$0.65,Not Possible
P250,Red Rock,Restricted Pistol,0.00,1.00,Operation Hydra Case,$27.30,$18.00,$12.68,$10.88,$11.68,$13.15,$8.80,$7.27,$6.90,$6.27
P250,Wingshot,Restricted Pistol,0.00,0.90,Shadow Case,$12.93,$6.60,$3.15,$2.47,$2.12,$4.69,$2.21,$1.27,$1.16,$1.07
P250,Supernova,Restricted Pistol,0.00,0.40,Operation Breakout Weapon Case,$4.71,$2.56,$1.86,$2.50,Not Possible,$1.45,$0.82,$0.58,$1.12,Not Possible
P250,Splash,Restricted Pistol,0.06,0.18,eSports 2013 Case,$85.22,$43.14,$33.65,Not Possible,Not Possible,$48.21,$22.37,$29.49,Not Possible,Not Possible
P250,Re.built,Mil-Spec Pistol,0.00,0.90,Revolution Case,$1.21,$0.40,$0.16,$0.14,$0.14,$0.28,$0.12,$0.08,$0.07,$0.07
P250,Contaminant,Mil-Spec Pistol,0.00,0.70,Operation Broken Fang Case,$2.78,$1.10,$0.47,$1.24,$0.36,$0.81,$0.54,$0.58,$0.47,$0.47
P250,Cassette,Mil-Spec Pistol,0.00,0.60,Fracture Case,$0.70,$0.25,$0.12,$0.12,$0.11,$0.20,$0.11,$0.07,$0.07,$0.07
P250,Verdigris,Mil-Spec Pistol,0.00,0.70,Prisma Case,$1.77,$0.76,$0.29,$0.27,$0.24,$0.53,$0.27,$0.13,$0.15,$0.21
P250,Ripple,Mil-Spec Pistol,0.00,0.50,Spectrum Case,$0.96,$0.69,$0.35,$0.30,$0.37,$0.31,$0.24,$0.19,$0.19,$0.19
P250,Iron Clad,Mil-Spec Pistol,0.05,0.80,Gamma Case,$2.72,$0.36,$0.19,$0.21,$0.16,$0.47,$0.15,$0.10,$0.12,$0.10
P250,Valence,Mil-Spec Pistol,0.00,0.80,Chroma 2 Case,$3.13,$0.80,$0.25,$0.95,$0.24,$0.65,$0.17,$0.09,$0.14,$0.09
P250,Steel Disruption,Mil-Spec Pistol,0.00,0.20,eSports 2013 Winter Case,$6.81,$5.36,$5.89,Not Possible,Not Possible,$1.99,$1.80,$1.76,Not Possible,Not Possible
P250,Hive,Mil-Spec Pistol,0.00,0.30,CS:GO Weapon Case 2,$8.47,$7.03,$6.93,Not Possible,Not Possible,$6.90,$6.22,$5.47,Not Possible,Not Possible
R8 Revolver,Fade,Covert Pistol,0.00,0.40,Revolver Case,$80.09,$39.58,$24.24,$42.84,Not Possible,$19.62,$8.70,$6.13,$7.89,Not Possible
R8 Revolver,Skull Crusher,Classified Pistol,0.25,0.80,Prisma Case,Not Possible,Not Possible,$3.27,$2.71,$2.91,Not Possible,Not Possible,$1.53,$1.29,$1.19
R8 Revolver,Llama Cannon,Classified Pistol,0.03,0.70,Spectrum 2 Case,$34.88,$12.00,$5.25,$6.00,$4.14,$11.75,$4.57,$2.47,$2.25,$1.88
R8 Revolver,Banana Cannon,Restricted Pistol,0.00,1.00,Revolution Case,$6.24,$1.95,$0.80,$0.69,$0.69,$2.07,$0.85,$0.34,$0.27,$0.25
R8 Revolver,Crazy 8,Restricted Pistol,0.00,1.00,Recoil Case,$6.30,$2.36,$1.27,$1.05,$1.03,$2.24,$0.98,$0.53,$0.42,$0.42
R8 Revolver,Reboot,Restricted Pistol,0.00,1.00,Gamma Case,$13.80,$3.60,$1.31,$1.16,$1.04,$3.17,$1.05,$0.46,$0.35,$0.35
R8 Revolver,Junk Yard,Mil-Spec Pistol,0.00,1.00,Snakebite Case,$1.63,$0.57,$0.25,$0.23,$0.24,$0.47,$0.15,$0.11,$0.09,$0.09
R8 Revolver,Bone Forged,Mil-Spec Pistol,0.00,0.60,Prisma 2 Case,$0.80,$0.31,$0.17,$0.15,$0.12,$0.20,$0.11,$0.07,$0.07,$0.07
R8 Revolver,Memento,Mil-Spec Pistol,0.00,0.80,Shattered Web Case,$7.63,$1.88,$0.93,$1.12,$0.70,$1.85,$1.08,$1.09,$1.28,$1.21
R8 Revolver,Survivalist,Mil-Spec Pistol,0.00,0.70,Horizon Case,$1.34,$0.63,$0.28,$0.25,$0.18,$0.37,$0.23,$0.13,$0.15,$0.11
R8 Revolver,Grip,Mil-Spec Pistol,0.00,1.00,Clutch Case,$1.09,$0.26,$0.12,$0.11,$0.12,$0.30,$0.11,$0.07,$0.07,$0.07
R8 Revolver,Crimson Web,Mil-Spec Pistol,0.06,0.80,Revolver Case,$32.66,$1.15,$0.24,$0.27,$0.21,$3.95,$0.23,$0.09,$0.09,$0.07
Tec-9,Decimator,Classified Pistol,0.00,0.75,Shattered Web Case,$159.98,$72.26,$27.85,$36.98,$25.66,$54.02,$25.87,$10.48,$10.95,$8.41
Tec-9,Fuel Injector,Classified Pistol,0.00,1.00,Gamma 2 Case,$59.69,$13.86,$7.32,$5.60,$5.56,$13.85,$5.35,$2.44,$2.11,$1.87
Tec-9,Brother,Restricted Pistol,0.00,1.00,Fracture Case,$3.93,$1.51,$0.75,$0.51,$0.51,$1.58,$0.69,$0.37,$0.29,$0.28
Tec-9,Bamboozle,Restricted Pistol,0.00,0.80,Prisma Case,$4.43,$1.57,$0.55,$1.03,$0.53,$1.32,$0.61,$0.25,$0.30,$0.27
Tec-9,Re-Entry,Restricted Pistol,0.00,0.43,Chroma 3 Case,$4.71,$1.68,$0.81,$1.21,Not Possible,$1.35,$0.64,$0.37,$0.41,Not Possible
Tec-9,Avalanche,Restricted Pistol,0.00,1.00,Revolver Case,$13.80,$5.75,$2.57,$2.08,$1.40,$3.95,$1.80,$0.93,$0.55,$0.53
Tec-9,Titanium Bit,Restricted Pistol,0.00,0.20,CS:GO Weapon Case 3,$18.56,$14.83,$14.27,Not Possible,Not Possible,$8.10,$7.40,$6.99,Not Possible,Not Possible
Tec-9,Rebel,Mil-Spec Pistol,0.00,1.00,Revolution Case,$1.34,$0.38,$0.16,$0.14,$0.15,$0.30,$0.12,$0.08,$0.07,$0.07
Tec-9,Flash Out,Mil-Spec Pistol,0.00,0.70,CS20 Case,$1.04,$0.35,$0.15,$0.28,$0.15,$0.24,$0.15,$0.16,$0.12,$0.09
Tec-9,Fubar,Mil-Spec Pistol,0.14,1.00,Danger Zone Case,Not Possible,$3.45,$0.15,$0.13,$0.11,Not Possible,$1.33,$0.08,$0.07,$0.07
Tec-9,Snek-9,Mil-Spec Pistol,0.00,1.00,Horizon Case,$3.13,$0.62,$0.28,$0.19,$0.17,$0.54,$0.21,$0.14,$0.12,$0.12
Tec-9,Cracked Opal,Mil-Spec Pistol,0.00,1.00,Spectrum 2 Case,$1.50,$0.35,$0.15,$0.12,$0.11,$0.32,$0.11,$0.09,$0.07,$0.07
Tec-9,Cut Out,Mil-Spec Pistol,0.00,1.00,Operation Hydra Case,$19.16,$5.87,$4.09,$3.36,$3.50,$7.70,$3.51,$3.27,$2.25,$2.64
Tec-9,Ice Cap,Mil-Spec Pistol,0.00,0.50,Gamma Case,$1.62,$0.96,$0.35,$0.60,$0.72,$0.49,$0.23,$0.11,$0.12,$0.12
Tec-9,Jambiya,Mil-Spec Pistol,0.00,1.00,Operation Wildfire Case,$3.12,$1.04,$0.53,$0.42,$0.42,$1.15,$0.54,$0.55,$0.38,$0.41
Tec-9,Isaac,Mil-Spec Pistol,0.00,1.00,Huntsman Weapon Case,$34.28,$5.63,$2.62,$1.88,$1.53,$11.59,$3.13,$3.00,$2.44,$2.20
Tec-9,Sandstorm,Mil-Spec Pistol,0.10,0.70,Operation Phoenix Weapon Case,Not Possible,$3.11,$0.46,$0.74,$0.36,Not Possible,$1.30,$0.28,$0.24,$0.21
Tec-9,Blue Titanium,Mil-Spec Pistol,0.00,0.04,CS:GO Weapon Case 2,$10.14,Not Possible,Not Possible,Not Possible,Not Possible,$7.64,Not Possible,Not Possible,Not Possible,Not Possible
USP-S,Printstream,Covert Pistol,0.00,0.85,Recoil Case,$355.00,$144.33,$80.00,$84.54,$59.88,$126.40,$62.96,$39.23,$39.30,$29.48
USP-S,The Traitor,Covert Pistol,0.00,1.00,Snakebite Case,$236.58,$70.00,$37.14,$29.80,$28.40,$58.73,$19.87,$12.58,$9.82,$8.85
USP-S,Neo-Noir,Covert Pistol,0.00,0.70,Spectrum Case,$161.17,$68.81,$41.49,$58.71,$38.45,$41.95,$22.51,$15.70,$17.59,$13.54
USP-S,Kill Confirmed,Covert Pistol,0.00,1.00,Shadow Case,$661.88,$264.50,$150.04,$119.48,$115.01,$191.60,$81.85,$49.71,$41.94,$40.25
USP-S,Monster Mashup,Classified Pistol,0.00,0.70,Operation Broken Fang Case,$106.23,$56.88,$28.00,$31.91,$25.11,$42.66,$28.63,$17.28,$16.50,$15.70
USP-S,Cortex,Classified Pistol,0.00,1.00,Clutch Case,$35.26,$10.95,$5.63,$4.37,$3.70,$10.76,$3.92,$2.01,$1.66,$1.55
USP-S,Caiman,Classified Pistol,0.00,0.40,Huntsman Weapon Case,$117.61,$100.94,$67.17,$71.68,Not Possible,$62.96,$52.36,$40.19,$44.77,Not Possible
USP-S,Orion,Classified Pistol,0.00,0.50,The Huntsman Collection,$159.17,$120.14,$104.79,$149.77,$251.89,$64.06,$52.32,$51.33,$63.13,$84.55
USP-S,Serum,Classified Pistol,0.00,0.25,CS:GO Weapon Case 2,$94.49,$67.23,$57.00,Not Possible,Not Possible,$65.51,$41.45,$40.78,Not Possible,Not Possible
USP-S,Ticket to Hell,Restricted Pistol,0.00,0.76,Dreams & Nightmares Case,$9.17,$3.40,$1.31,$2.13,$1.07,$1.80,$0.73,$0.29,$0.49,$0.24
USP-S,Flashback,Restricted Pistol,0.00,0.50,Danger Zone Case,$3.88,$2.01,$1.30,$2.47,$3.19,$1.35,$0.76,$0.48,$0.50,$0.52
USP-S,Cyrex,Restricted Pistol,0.00,0.55,Glove Case,$15.27,$7.13,$3.69,$6.53,$3.93,$3.35,$1.87,$1.08,$1.57,$1.24
USP-S,Guardian,Restricted Pistol,0.00,0.38,Operation Phoenix Weapon Case,$12.05,$7.66,$4.30,Not Possible,Not Possible,$5.26,$3.45,$2.56,Not Possible,Not Possible
USP-S,Overgrowth,Restricted Pistol,0.06,0.80,Operation Bravo Case,$325.49,$76.67,$52.58,$47.10,$53.31,$81.54,$29.45,$26.40,$27.40,$26.22
USP-S,Dark Water,Restricted Pistol,0.10,0.26,CS:GO Weapon Case,Not Possible,$164.28,$142.31,Not Possible,Not Possible,Not Possible,$78.11,$71.00,Not Possible,Not Possible
USP-S,Black Lotus,Mil-Spec Pistol,0.00,0.90,Operation Riptide Case,$34.24,$6.36,$3.03,$2.73,$2.50,$6.00,$1.61,$0.82,$0.65,$0.54
USP-S,Blueprint,Mil-Spec Pistol,0.00,0.86,Operation Hydra Case,$149.50,$37.80,$12.95,$17.48,$11.30,$40.14,$11.61,$4.91,$7.24,$3.60
USP-S,Lead Conduit,Mil-Spec Pistol,0.00,1.00,Operation Wildfire Case,$16.48,$3.46,$1.91,$1.65,$1.54,$3.01,$0.78,$0.57,$0.46,$0.42
USP-S,Torque,Mil-Spec Pistol,0.00,0.46,Falchion Case,$4.48,$2.99,$1.74,$2.72,$3.30,$1.46,$1.06,$0.60,$0.62,$2.30
USP-S,Blood Tiger,Mil-Spec Pistol,0.00,0.30,eSports 2014 Summer Case,$10.62,$3.27,$3.18,Not Possible,Not Possible,$5.54,$2.01,$1.95,Not Possible,Not Possible
USP-S,Stainless,Mil-Spec Pistol,0.00,0.80,CS:GO Weapon Case 3,$95.63,$29.99,$16.22,$24.54,$13.30,$21.29,$8.46,$3.79,$6.45,$2.94
MAC-10,Stalker,Covert SMG,0.00,1.00,Shattered Web Case,$374.91,$100.47,$45.86,$38.77,$31.67,$73.50,$26.02,$14.29,$12.43,$12.67
MAC-10,Neon Rider,Covert SMG,0.00,0.45,Chroma 2 Case,$45.92,$25.07,$20.99,$21.85,Not Possible,$11.24,$7.96,$6.55,$6.98,Not Possible
MAC-10,Toybox,Classified SMG,0.00,1.00,Operation Riptide Case,$56.50,$19.50,$9.09,$8.70,$6.67,$18.00,$6.28,$3.86,$3.68,$3.49
MAC-10,Disco Tech,Classified SMG,0.00,1.00,Prisma 2 Case,$47.08,$15.69,$6.84,$4.37,$4.15,$13.80,$5.43,$2.55,$1.69,$1.55
MAC-10,Sakkaku,Restricted SMG,0.21,0.79,Revolution Case,Not Possible,Not Possible,$3.65,$1.67,$0.81,Not Possible,Not Possible,$1.18,$0.48,$0.25
MAC-10,Button Masher,Restricted SMG,0.00,1.00,Snakebite Case,$3.56,$1.15,$0.43,$0.41,$0.40,$1.34,$0.49,$0.24,$0.23,$0.23
MAC-10,Allure,Restricted SMG,0.00,1.00,Fracture Case,$4.50,$1.51,$0.66,$0.51,$0.52,$1.50,$0.69,$0.37,$0.28,$0.25
MAC-10,Pipe Down,Restricted SMG,0.00,0.90,Danger Zone Case,$7.87,$1.88,$1.05,$0.87,$0.80,$2.03,$0.80,$0.48,$0.46,$0.42
MAC-10,Last Dive,Restricted SMG,0.00,0.52,Spectrum Case,$7.08,$3.68,$2.99,$2.62,$2.50,$3.06,$1.75,$1.51,$1.42,$1.43
MAC-10,Malachite,Restricted SMG,0.00,0.50,Chroma Case,$11.07,$8.00,$3.52,$4.18,$2.72,$3.47,$2.26,$1.34,$1.34,$1.29
MAC-10,Tatter,Restricted SMG,0.00,0.50,Huntsman Weapon Case,$18.97,$15.72,$12.58,$11.42,$12.04,$10.69,$9.02,$7.76,$7.25,$8.10
MAC-10,Curse,Restricted SMG,0.00,0.50,The Huntsman Collection,$24.08,$16.24,$13.04,$19.27,$35.65,$10.64,$8.52,$8.19,$10.31,$11.30
MAC-10,Heat,Restricted SMG,0.00,1.00,Operation Phoenix Weapon Case,$17.51,$7.52,$3.73,$3.54,$3.07,$6.48,$3.48,$2.30,$2.00,$1.85
MAC-10,Graven,Restricted SMG,0.06,0.80,Operation Bravo Case,$191.73,$69.27,$49.45,$54.22,$50.38,$61.71,$30.66,$27.39,$29.58,$26.02
MAC-10,Monkeyflage,Mil-Spec SMG,0.00,1.00,Recoil Case,$1.00,$0.29,$0.14,$0.12,$0.12,$0.26,$0.13,$0.08,$0.07,$0.07
MAC-10,Ensnared,Mil-Spec SMG,0.00,0.90,Dreams & Nightmares Case,$1.46,$0.34,$0.14,$0.14,$0.17,$0.26,$0.11,$0.07,$0.07,$0.07
MAC-10,Classic Crate,Mil-Spec SMG,0.00,1.00,CS20 Case,$1.50,$0.27,$0.13,$0.12,$0.12,$0.30,$0.16,$0.15,$0.09,$0.09
MAC-10,Whitefish,Mil-Spec SMG,0.00,1.00,Prisma Case,$2.53,$1.23,$0.27,$0.21,$0.20,$0.57,$0.25,$0.13,$0.09,$0.09
MAC-10,Oceanic,Mil-Spec SMG,0.00,0.60,Spectrum 2 Case,$0.84,$0.37,$0.15,$0.19,$0.13,$0.23,$0.13,$0.09,$0.08,$0.08
MAC-10,Aloha,Mil-Spec SMG,0.00,0.65,Operation Hydra Case,$7.39,$4.85,$3.72,$3.97,$3.60,$3.41,$3.25,$3.64,$2.66,$2.76
MAC-10,Carnivore,Mil-Spec SMG,0.00,1.00,Gamma Case,$2.30,$0.39,$0.23,$0.16,$0.17,$0.34,$0.16,$0.12,$0.10,$0.09
MAC-10,Lapis Gator,Mil-Spec SMG,0.00,0.50,Operation Wildfire Case,$2.59,$1.26,$0.60,$0.63,$0.46,$0.76,$0.57,$0.61,$0.50,$0.50
MAC-10,Rangeen,Mil-Spec SMG,0.00,0.50,Shadow Case,$1.76,$0.80,$0.37,$0.63,$0.46,$0.50,$0.29,$0.16,$0.13,$0.21
MAC-10,Ultraviolet,Mil-Spec SMG,0.06,0.80,eSports 2014 Summer Case,$92.32,$5.14,$1.53,$1.52,$1.08,$37.28,$3.13,$1.96,$1.40,$1.39
MP5-SD,Phosphor,Classified SMG,0.00,0.80,Danger Zone Case,$22.97,$12.85,$6.90,$8.28,$7.27,$9.80,$5.22,$3.26,$3.57,$3.33
MP5-SD,Kitbash,Restricted SMG,0.00,0.80,Fracture Case,$4.00,$1.69,$0.66,$0.89,$0.55,$1.41,$0.71,$0.42,$0.34,$0.27
MP5-SD,Agent,Restricted SMG,0.00,1.00,CS20 Case,$14.86,$3.04,$1.35,$1.06,$1.33,$3.62,$1.08,$0.65,$0.51,$0.54
MP5-SD,Gauss,Restricted SMG,0.00,1.00,Prisma Case,$3.34,$1.11,$0.46,$0.42,$0.47,$1.23,$0.50,$0.26,$0.26,$0.24
MP5-SD,Liquidation,Mil-Spec SMG,0.00,1.00,Revolution Case,$2.72,$0.43,$0.16,$0.13,$0.15,$0.32,$0.12,$0.09,$0.07,$0.07
MP5-SD,Necro Jr.,Mil-Spec SMG,0.00,1.00,Dreams & Nightmares Case,$1.26,$0.32,$0.14,$0.13,$0.17,$0.25,$0.11,$0.07,$0.07,$0.07
MP5-SD,Condition Zero,Mil-Spec SMG,0.00,1.00,Operation Broken Fang Case,$4.98,$1.16,$0.46,$0.37,$0.36,$1.00,$0.60,$0.52,$0.42,$0.40
MP5-SD,Desert Strike,Mil-Spec SMG,0.00,1.00,Prisma 2 Case,$1.79,$0.26,$0.12,$0.11,$0.11,$0.27,$0.11,$0.08,$0.07,$0.07
MP5-SD,Acid Wash,Mil-Spec SMG,0.00,0.68,Shattered Web Case,$5.00,$2.26,$0.80,$2.73,$0.74,$1.33,$1.04,$1.07,$1.06,$0.93
MP7,Bloodsport,Covert SMG,0.00,0.65,Clutch Case,$19.00,$8.00,$4.91,$7.42,$5.13,$4.14,$2.33,$1.39,$2.32,$1.40
MP7,Abyssal Apparition,Classified SMG,0.00,1.00,Dreams & Nightmares Case,$22.57,$6.44,$2.78,$2.18,$2.13,$8.39,$3.23,$1.49,$1.26,$1.24
MP7,Nemesis,Classified SMG,0.00,0.32,Falchion Case,$43.10,$17.34,$13.69,Not Possible,Not Possible,$12.44,$6.45,$5.57,Not Possible,Not Possible
MP7,Neon Ply,Restricted SMG,0.00,1.00,Shattered Web Case,$17.25,$7.64,$2.99,$2.45,$2.13,$6.29,$3.00,$1.90,$1.26,$0.96
MP7,Powercore,Restricted SMG,0.00,0.80,Horizon Case,$7.50,$3.73,$1.51,$2.08,$1.26,$3.03,$1.44,$0.80,$0.72,$0.53
MP7,Impire,Restricted SMG,0.00,0.40,Operation Wildfire Case,$9.51,$6.72,$5.35,$6.29,Not Possible,$4.40,$3.06,$2.30,$2.50,Not Possible
MP7,Special Delivery,Restricted SMG,0.00,0.62,Shadow Case,$12.03,$6.76,$3.05,$2.72,$4.40,$4.38,$2.49,$1.26,$1.11,$1.06
MP7,Ocean Foam,Restricted SMG,0.00,0.08,eSports 2014 Summer Case,$10.89,$11.21,Not Possible,Not Possible,Not Possible,$4.98,$4.54,Not Possible,Not Possible,Not Possible
MP7,Guerrilla,Mil-Spec SMG,0.00,1.00,Operation Riptide Case,$4.48,$2.49,$0.87,$0.37,$0.36,$1.51,$0.86,$0.37,$0.32,$0.29
MP7,Mischief,Mil-Spec SMG,0.10,1.00,Prisma Case,Not Possible,$1.24,$0.28,$0.24,$0.21,Not Possible,$0.41,$0.14,$0.10,$0.09
MP7,Akoben,Mil-Spec SMG,0.00,0.70,Spectrum Case,$0.99,$0.62,$0.34,$0.35,$0.24,$0.35,$0.23,$0.18,$0.15,$0.15
MP7,Cirrus,Mil-Spec SMG,0.00,0.75,Glove Case,$2.80,$0.87,$0.31,$0.88,$0.27,$0.59,$0.19,$0.10,$0.16,$0.09
MP7,Armor Core,Mil-Spec SMG,0.00,0.50,Chroma 2 Case,$0.99,$0.47,$0.23,$0.23,$0.26,$0.24,$0.14,$0.09,$0.10,$0.11
MP7,Urban Hazard,Mil-Spec SMG,0.00,0.50,Operation Breakout Weapon Case,$0.85,$0.49,$0.26,$0.23,$0.24,$0.23,$0.13,$0.08,$0.09,$0.10
MP7,Skulls,Mil-Spec SMG,0.10,0.26,CS:GO Weapon Case,Not Possible,$20.31,$19.69,Not Possible,Not Possible,Not Possible,$20.82,$19.98,Not Possible,Not Possible
MP9,Starlight Protector,Covert SMG,0.00,0.80,Dreams & Nightmares Case,$95.29,$23.31,$9.23,$20.70,$9.23,$22.37,$8.94,$3.83,$4.25,$2.36
MP9,Food Chain,Classified SMG,0.00,1.00,Snakebite Case,$28.03,$9.48,$4.02,$3.25,$2.55,$9.20,$3.60,$1.63,$1.33,$1.29
MP9,Hydra,Classified SMG,0.00,1.00,CS20 Case,$50.77,$18.54,$10.43,$8.91,$8.20,$17.20,$8.48,$5.26,$4.40,$3.54
MP9,Airlock,Classified SMG,0.00,1.00,Gamma 2 Case,$28.47,$9.69,$4.14,$3.05,$3.00,$11.74,$4.17,$1.79,$1.46,$1.39
MP9,Mount Fuji,Restricted SMG,0.00,0.55,Operation Riptide Case,$21.21,$10.90,$4.39,$3.60,$2.87,$8.37,$5.66,$2.73,$2.19,$2.04
MP9,Goo,Restricted SMG,0.00,0.60,Spectrum 2 Case,$4.30,$2.18,$1.03,$1.67,$1.16,$1.35,$0.70,$0.40,$0.38,$0.35
MP9,Ruby Poison Dart,Restricted SMG,0.00,0.50,Falchion Case,$6.00,$3.45,$2.18,$1.88,$2.00,$2.11,$1.12,$0.80,$0.81,$0.78
MP9,Rose Iron,Restricted SMG,0.00,0.30,Winter Offensive Weapon Case,$18.33,$13.98,$13.85,Not Possible,Not Possible,$7.55,$7.53,$6.50,Not Possible,Not Possible
MP9,Hypnotic,Restricted SMG,0.00,0.08,CS:GO Weapon Case 2,$43.50,$44.00,Not Possible,Not Possible,Not Possible,$13.01,$19.28,Not Possible,Not Possible,Not Possible
MP9,Featherweight,Mil-Spec SMG,0.00,1.00,Revolution Case,$2.10,$0.43,$0.18,$0.13,$0.16,$0.34,$0.12,$0.08,$0.07,$0.07
MP9,Modest Threat,Mil-Spec SMG,0.00,0.75,Danger Zone Case,$1.01,$0.38,$0.15,$0.23,$0.13,$0.28,$0.13,$0.08,$0.08,$0.07
MP9,Capillary,Mil-Spec SMG,0.00,0.70,Horizon Case,$1.62,$0.70,$0.26,$0.58,$0.21,$0.39,$0.23,$0.15,$0.18,$0.12
MP9,Black Sand,Mil-Spec SMG,0.00,1.00,Clutch Case,$1.00,$0.25,$0.12,$0.11,$0.12,$0.26,$0.11,$0.07,$0.07,$0.07
MP9,Sand Scale,Mil-Spec SMG,0.00,0.45,Glove Case,$1.24,$0.57,$0.32,$0.35,Not Possible,$0.27,$0.13,$0.10,$0.09,Not Possible
MP9,Bioleak,Mil-Spec SMG,0.00,0.50,Chroma 3 Case,$1.24,$0.72,$0.26,$0.38,$0.29,$0.29,$0.15,$0.09,$0.11,$0.08
MP9,Deadly Poison,Mil-Spec SMG,0.00,1.00,Chroma Case,$6.13,$1.16,$0.55,$0.34,$0.36,$1.85,$0.34,$0.20,$0.15,$0.14
MP9,Dart,Mil-Spec SMG,0.00,0.46,Operation Vanguard Weapon Case,$2.90,$2.11,$1.38,$1.28,$5.38,$0.73,$0.54,$0.46,$0.59,$0.93
PP-Bizon,Judgement of Anubis,Covert SMG,0.00,0.50,Chroma 3 Case,$47.80,$26.06,$13.71,$13.80,$15.07,$11.01,$7.26,$5.37,$4.75,$4.89
PP-Bizon,High Roller,Classified SMG,0.00,1.00,Spectrum 2 Case,$41.47,$12.55,$5.76,$4.33,$3.97,$11.51,$4.79,$2.53,$1.84,$1.69
PP-Bizon,Space Cat,Restricted SMG,0.00,0.67,Dreams & Nightmares Case,$3.22,$1.52,$0.46,$0.76,$0.38,$1.22,$0.60,$0.21,$0.26,$0.24
PP-Bizon,Embargo,Restricted SMG,0.00,1.00,Shattered Web Case,$18.90,$7.65,$2.72,$2.19,$2.44,$6.98,$3.04,$1.97,$1.32,$1.04
PP-Bizon,Fuel Rod,Restricted SMG,0.00,1.00,Revolver Case,$9.12,$4.25,$1.81,$1.38,$1.34,$2.78,$1.39,$0.77,$0.53,$0.47
PP-Bizon,Blue Streak,Restricted SMG,0.06,0.80,eSports 2014 Summer Case,$38.59,$8.30,$3.45,$3.94,$3.36,$8.67,$3.23,$1.69,$1.70,$1.57
PP-Bizon,Osiris,Restricted SMG,0.00,0.50,Operation Breakout Weapon Case,$4.85,$2.89,$2.01,$1.58,$1.90,$1.50,$0.84,$0.57,$0.60,$0.50
PP-Bizon,Antique,Restricted SMG,0.00,0.50,Huntsman Weapon Case,$18.30,$14.75,$12.74,$12.10,$15.50,$10.35,$8.42,$7.70,$7.64,$6.84
PP-Bizon,Lumen,Mil-Spec SMG,0.00,0.77,Operation Riptide Case,$5.47,$2.50,$0.75,$0.69,$0.41,$1.42,$0.81,$0.40,$0.30,$0.29
PP-Bizon,Runic,Mil-Spec SMG,0.00,1.00,Fracture Case,$1.24,$0.28,$0.11,$0.11,$0.11,$0.25,$0.11,$0.07,$0.07,$0.07
PP-Bizon,Night Riot,Mil-Spec SMG,0.00,0.80,Clutch Case,$0.82,$0.26,$0.11,$0.12,$0.11,$0.21,$0.11,$0.07,$0.07,$0.07
PP-Bizon,Jungle Slipstream,Mil-Spec SMG,0.00,0.50,Spectrum Case,$0.95,$0.62,$0.36,$0.36,$0.27,$0.29,$0.23,$0.19,$0.15,$0.35
PP-Bizon,Harvester,Mil-Spec SMG,0.00,1.00,Gamma Case,$1.27,$0.48,$0.20,$0.18,$0.16,$0.49,$0.15,$0.11,$0.14,$0.10
PP-Bizon,Photic Zone,Mil-Spec SMG,0.00,1.00,Operation Wildfire Case,$6.09,$1.46,$0.72,$0.46,$0.46,$1.85,$0.65,$0.62,$0.41,$0.38
PP-Bizon,Water Sigil,Mil-Spec SMG,0.00,0.50,eSports 2013 Winter Case,$6.29,$5.49,$4.78,$6.00,$5.81,$1.95,$1.62,$1.38,$1.74,$1.87
PP-Bizon,Cobalt Halftone,Mil-Spec SMG,0.05,0.45,Winter Offensive Weapon Case,$5.53,$1.85,$1.66,$1.50,Not Possible,$2.53,$1.15,$0.96,$0.78,Not Possible
P90,Asiimov,Covert SMG,0.00,0.92,Operation Breakout Weapon Case,$240.94,$70.19,$29.75,$25.39,$25.12,$45.33,$18.24,$8.57,$7.91,$5.40
P90,Death by Kitty,Covert SMG,0.08,0.32,eSports 2013 Case,Not Possible,$264.00,$137.00,Not Possible,Not Possible,Not Possible,$62.73,$43.29,Not Possible,Not Possible
P90,Nostalgia,Classified SMG,0.00,0.57,CS20 Case,$31.06,$16.40,$10.87,$11.38,$9.73,$11.80,$6.90,$5.22,$5.56,$4.91
P90,Shallow Grave,Classified SMG,0.00,0.75,Glove Case,$21.25,$10.25,$4.26,$5.75,$3.95,$7.93,$3.36,$1.69,$2.57,$1.79
P90,Shapewood,Classified SMG,0.00,1.00,Revolver Case,$44.58,$12.08,$4.75,$3.94,$3.94,$12.01,$4.38,$1.73,$1.47,$1.50
P90,Trigon,Classified SMG,0.08,0.75,Operation Phoenix Weapon Case,Not Possible,$20.24,$15.56,$15.48,$23.48,Not Possible,$10.76,$8.81,$9.82,$11.52
P90,Cold Blooded,Classified SMG,0.00,0.08,CS:GO Weapon Case 2,$109.21,$91.96,Not Possible,Not Possible,Not Possible,$70.64,$70.99,Not Possible,Not Possible,Not Possible
P90,Emerald Dragon,Classified SMG,0.06,0.52,Operation Bravo Case,"$1,626.47",$374.99,$251.89,No Recent Price,No Recent Price,$499.99,$142.49,$107.22,$149.99,$114.80
P90,Neoqueen,Restricted SMG,0.00,0.60,Revolution Case,$5.37,$2.53,$1.24,$1.96,$3.74,$1.85,$0.92,$0.42,$0.55,$1.07
P90,Vent Rush,Restricted SMG,0.00,0.70,Recoil Case,$4.79,$2.70,$1.10,$1.08,$0.92,$1.84,$1.04,$0.53,$0.55,$0.46
P90,Death Grip,Restricted SMG,0.00,1.00,Operation Hydra Case,$39.03,$20.33,$13.70,$10.83,$12.00,$16.07,$9.22,$7.19,$5.84,$6.23
P90,Chopper,Restricted SMG,0.00,0.60,Gamma Case,$6.60,$3.16,$1.42,$2.26,$1.44,$2.20,$0.93,$0.50,$0.58,$0.40
P90,Virus,Restricted SMG,0.06,0.80,eSports 2014 Summer Case,$37.57,$5.46,$2.96,$2.70,$2.73,$5.93,$2.53,$1.62,$1.64,$1.42
P90,Blind Spot,Restricted SMG,0.00,0.50,eSports 2013 Winter Case,$16.79,$16.15,$15.99,$14.23,$12.01,$11.50,$9.54,$8.99,$11.06,$8.80
P90,Cocoa Rampage,Mil-Spec SMG,0.00,0.60,Operation Broken Fang Case,$2.54,$1.31,$0.46,$0.47,$0.39,$0.80,$0.55,$0.54,$0.46,$0.43
P90,Freight,Mil-Spec SMG,0.00,1.00,Fracture Case,$0.87,$0.24,$0.12,$0.11,$0.11,$0.21,$0.11,$0.07,$0.07,$0.07
P90,Off World,Mil-Spec SMG,0.00,0.75,Prisma Case,$2.20,$0.83,$0.29,$0.59,$0.21,$0.55,$0.27,$0.12,$0.13,$0.09
P90,Traction,Mil-Spec SMG,0.00,1.00,Horizon Case,$3.50,$0.69,$0.28,$0.20,$0.18,$0.87,$0.23,$0.15,$0.11,$0.11
P90,Grim,Mil-Spec SMG,0.00,0.80,Gamma 2 Case,$3.27,$0.73,$0.25,$1.21,$0.24,$0.71,$0.20,$0.10,$0.18,$0.08
P90,Elite Build,Mil-Spec SMG,0.00,1.00,Falchion Case,$8.68,$0.95,$0.35,$0.25,$0.23,$1.21,$0.24,$0.23,$0.18,$0.18
P90,Module,Mil-Spec SMG,0.00,0.35,Huntsman Weapon Case,$3.42,$2.26,$1.95,Not Possible,Not Possible,$2.64,$2.54,$2.73,Not Possible,Not Possible
P90,Desert Warfare,Mil-Spec SMG,0.00,0.50,The Huntsman Collection,$13.53,$3.98,$1.92,$5.90,$5.63,$3.28,$2.96,$2.69,$4.45,$4.94
UMP-45,Wild Child,Classified SMG,0.00,1.00,Revolution Case,$38.01,$13.57,$5.40,$4.25,$3.64,$14.63,$6.52,$2.73,$1.96,$1.66
UMP-45,Momentum,Classified SMG,0.00,0.50,Danger Zone Case,$20.06,$12.53,$7.31,$6.62,$7.93,$8.62,$5.38,$3.34,$3.38,$3.53
UMP-45,Primal Saber,Classified SMG,0.00,0.77,Chroma 3 Case,$25.94,$9.73,$4.79,$7.13,$3.37,$9.70,$4.15,$2.18,$2.23,$1.51
UMP-45,Gold Bismuth,Restricted SMG,0.00,0.70,Operation Broken Fang Case,$12.10,$6.91,$3.56,$3.36,$2.59,$5.48,$3.81,$2.79,$2.87,$1.79
UMP-45,Plastique,Restricted SMG,0.00,0.80,CS20 Case,$5.01,$2.42,$1.20,$1.16,$0.94,$1.86,$1.03,$0.66,$0.78,$0.52
UMP-45,Moonrise,Restricted SMG,0.00,0.40,Prisma Case,$3.22,$1.07,$0.49,$1.08,Not Possible,$1.24,$0.50,$0.28,$0.65,Not Possible
UMP-45,Arctic Wolf,Restricted SMG,0.00,0.80,Clutch Case,$3.70,$1.38,$0.50,$0.61,$0.48,$1.47,$0.58,$0.29,$0.29,$0.24
UMP-45,Exposure,Restricted SMG,0.00,0.55,Spectrum 2 Case,$3.68,$1.62,$0.92,$1.06,$0.75,$1.34,$0.63,$0.37,$0.34,$0.35
UMP-45,Scaffold,Restricted SMG,0.00,1.00,Spectrum Case,$8.55,$3.74,$2.45,$2.54,$2.60,$2.99,$1.88,$1.49,$1.23,$1.23
UMP-45,Grand Prix,Restricted SMG,0.25,0.35,Chroma 2 Case,Not Possible,Not Possible,$0.72,Not Possible,Not Possible,Not Possible,Not Possible,$0.35,Not Possible,Not Possible
UMP-45,Roadblock,Mil-Spec SMG,0.00,1.00,Recoil Case,$1.00,$0.29,$0.14,$0.11,$0.11,$0.26,$0.13,$0.07,$0.07,$0.07
UMP-45,Oscillator,Mil-Spec SMG,0.00,0.50,Snakebite Case,$1.42,$0.59,$0.26,$0.24,$0.24,$0.41,$0.15,$0.09,$0.09,$0.09
UMP-45,Metal Flowers,Mil-Spec SMG,0.00,0.70,Operation Hydra Case,$7.27,$5.37,$3.93,$4.62,$3.30,$3.93,$2.81,$3.22,$2.71,$2.70
UMP-45,Briefing,Mil-Spec SMG,0.00,1.00,Gamma 2 Case,$1.28,$0.26,$0.13,$0.11,$0.11,$0.31,$0.11,$0.09,$0.07,$0.07
UMP-45,Riot,Mil-Spec SMG,0.00,0.70,Falchion Case,$1.38,$0.89,$0.30,$0.29,$0.21,$0.38,$0.24,$0.25,$0.23,$0.19
UMP-45,Delusion,Mil-Spec SMG,0.06,0.35,Operation Vanguard Weapon Case,$4.52,$2.16,$1.57,Not Possible,Not Possible,$1.77,$0.58,$0.40,Not Possible,Not Possible
UMP-45,Labyrinth,Mil-Spec SMG,0.00,0.40,Operation Breakout Weapon Case,$0.82,$0.47,$0.26,$0.26,Not Possible,$0.21,$0.12,$0.08,$0.17,Not Possible
UMP-45,Corporal,Mil-Spec SMG,0.05,0.75,Operation Phoenix Weapon Case,$2.00,$0.63,$0.42,$0.35,$0.34,$1.19,$0.29,$0.24,$0.32,$0.21
UMP-45,Bone Pile,Mil-Spec SMG,0.06,0.34,Operation Bravo Case,$48.02,$7.89,$7.66,Not Possible,Not Possible,$17.43,$8.00,$8.81,Not Possible,Not Possible
MAG-7,Justice,Classified Shotgun,0.00,1.00,Prisma 2 Case,$35.30,$10.59,$4.43,$4.00,$3.51,$11.54,$4.78,$2.39,$1.61,$1.49
MAG-7,BI83 Spectrum,Restricted Shotgun,0.00,0.60,Operation Riptide Case,$8.07,$4.16,$1.69,$2.25,$1.27,$2.39,$1.38,$0.74,$1.29,$1.18
MAG-7,Monster Call,Restricted Shotgun,0.00,1.00,Fracture Case,$6.29,$1.55,$0.70,$0.51,$0.54,$1.62,$0.70,$0.40,$0.30,$0.26
MAG-7,SWAG-7,Restricted Shotgun,0.00,0.92,Clutch Case,$5.60,$1.44,$0.59,$0.47,$0.48,$1.57,$0.60,$0.31,$0.27,$0.25
MAG-7,Petroglyph,Restricted Shotgun,0.00,0.44,Gamma 2 Case,$3.50,$1.35,$0.70,$0.72,Not Possible,$1.32,$0.57,$0.31,$0.80,Not Possible
MAG-7,Praetorian,Restricted Shotgun,0.00,0.45,Operation Wildfire Case,$9.22,$6.30,$4.56,$4.83,Not Possible,$4.48,$3.12,$2.48,$2.08,Not Possible
MAG-7,Heat,Restricted Shotgun,0.00,1.00,Chroma 2 Case,$7.78,$2.03,$0.80,$0.58,$0.57,$2.73,$0.82,$0.34,$0.28,$0.28
MAG-7,Insomnia,Mil-Spec Shotgun,0.00,1.00,Revolution Case,$1.30,$0.38,$0.17,$0.14,$0.15,$0.30,$0.12,$0.08,$0.07,$0.07
MAG-7,Foresight,Mil-Spec Shotgun,0.00,0.70,Dreams & Nightmares Case,$0.80,$0.34,$0.13,$0.14,$0.17,$0.19,$0.11,$0.07,$0.07,$0.07
MAG-7,Popdog,Mil-Spec Shotgun,0.00,0.80,CS20 Case,$1.10,$0.30,$0.13,$0.47,$0.13,$0.25,$0.15,$0.15,$0.12,$0.11
MAG-7,Hard Water,Mil-Spec Shotgun,0.00,0.45,Operation Hydra Case,$6.79,$4.49,$4.65,$4.41,Not Possible,$3.24,$3.11,$3.68,$2.80,Not Possible
MAG-7,Sonar,Mil-Spec Shotgun,0.00,0.45,Glove Case,$1.15,$0.60,$0.25,$0.24,Not Possible,$0.27,$0.14,$0.09,$0.10,Not Possible
MAG-7,Cobalt Core,Mil-Spec Shotgun,0.00,0.50,Shadow Case,$1.72,$0.80,$0.38,$0.35,$0.35,$0.53,$0.31,$0.16,$0.23,$0.20
MAG-7,Firestarter,Mil-Spec Shotgun,0.06,0.49,Operation Vanguard Weapon Case,$17.49,$2.47,$1.38,$1.53,$2.03,$4.33,$0.57,$0.39,$0.82,$0.66
MAG-7,Heaven Guard,Mil-Spec Shotgun,0.00,0.40,Operation Phoenix Weapon Case,$1.30,$0.64,$0.46,$0.50,Not Possible,$0.46,$0.30,$0.27,$0.31,Not Possible
MAG-7,Memento,Mil-Spec Shotgun,0.02,0.18,eSports 2013 Case,$12.02,$5.07,$4.22,Not Possible,Not Possible,$6.47,$4.25,$3.88,Not Possible,Not Possible
Nova,Hyper Beast,Classified Shotgun,0.00,0.60,Operation Wildfire Case,$74.71,$56.76,$29.09,$30.13,$27.57,$36.08,$21.94,$15.29,$14.75,$13.11
Nova,Bloomstick,Classified Shotgun,0.06,0.80,eSports 2014 Summer Case,No Recent Price,$49.48,$16.99,$15.72,$17.19,$69.00,$17.14,$7.33,$6.76,$7.09
Nova,Antique,Classified Shotgun,0.00,0.30,Operation Phoenix Weapon Case,$29.95,$19.75,$17.18,Not Possible,Not Possible,$14.08,$11.00,$10.76,Not Possible,Not Possible
Nova,Clear Polymer,Restricted Shotgun,0.00,1.00,Operation Broken Fang Case,$15.76,$8.85,$3.36,$2.69,$2.80,$6.32,$3.99,$2.76,$2.23,$1.70
Nova,Toy Soldier,Restricted Shotgun,0.00,1.00,Horizon Case,$11.50,$4.05,$1.55,$1.40,$1.31,$3.38,$1.51,$0.80,$0.58,$0.54
Nova,Wild Six,Restricted Shotgun,0.00,0.80,Clutch Case,$4.10,$1.41,$0.53,$0.65,$0.47,$1.33,$0.58,$0.28,$0.27,$0.24
Nova,Gila,Restricted Shotgun,0.00,0.30,Glove Case,$3.93,$1.78,$1.23,Not Possible,Not Possible,$1.31,$0.60,$0.38,Not Possible,Not Possible
Nova,Koi,Restricted Shotgun,0.00,0.30,Operation Breakout Weapon Case,$5.00,$2.85,$2.21,Not Possible,Not Possible,$1.52,$0.85,$0.69,Not Possible,Not Possible
Nova,Rising Skull,Restricted Shotgun,0.00,0.50,Winter Offensive Weapon Case,$19.56,$13.62,$12.01,$12.13,$12.65,$7.25,$6.02,$5.45,$5.45,$5.42
Nova,Graphite,Restricted Shotgun,0.00,0.12,CS:GO Weapon Case 2,$33.28,$22.79,Not Possible,Not Possible,Not Possible,$12.01,$10.73,Not Possible,Not Possible,Not Possible
Nova,Windblown,Mil-Spec Shotgun,0.00,0.50,Snakebite Case,$1.40,$0.58,$0.26,$0.25,$0.30,$0.41,$0.16,$0.10,$0.11,$0.09
Nova,Plume,Mil-Spec Shotgun,0.00,0.80,Shattered Web Case,$4.19,$2.08,$0.80,$1.17,$0.75,$1.52,$1.12,$1.08,$1.21,$1.04
Nova,Wood Fired,Mil-Spec Shotgun,0.00,0.75,Danger Zone Case,$0.95,$0.31,$0.15,$0.23,$0.13,$0.23,$0.12,$0.08,$0.08,$0.08
Nova,Exo,Mil-Spec Shotgun,0.00,0.50,Gamma Case,$1.27,$0.72,$0.26,$0.39,$0.41,$0.28,$0.17,$0.12,$0.16,$0.20
Nova,Ranger,Mil-Spec Shotgun,0.00,1.00,Falchion Case,$2.48,$0.80,$0.37,$0.30,$0.23,$0.72,$0.25,$0.27,$0.21,$0.20
Nova,Ghost Camo,Mil-Spec Shotgun,0.00,0.40,eSports 2013 Winter Case,$6.75,$5.30,$6.28,$6.21,Not Possible,$1.95,$1.38,$1.26,$1.64,Not Possible
Nova,Tempest,Mil-Spec Shotgun,0.06,0.22,Operation Bravo Case,$48.04,$8.70,$7.47,Not Possible,Not Possible,$16.44,$7.68,$7.61,Not Possible,Not Possible
Sawed-Off,The Kraken,Covert Shotgun,0.00,0.40,Winter Offensive Weapon Case,$60.28,$23.09,$21.13,"$1,228.72",Not Possible,$7.66,$5.23,$5.17,$12.08,Not Possible
Sawed-Off,Kiss♥Love,Classified Shotgun,0.00,1.00,Recoil Case,$35.24,$11.73,$5.47,$4.99,$4.69,$11.88,$5.35,$3.00,$2.60,$2.50
Sawed-Off,Devourer,Classified Shotgun,0.00,0.80,Horizon Case,$35.02,$15.75,$7.82,$7.62,$6.62,$13.43,$6.41,$3.73,$3.48,$2.90
Sawed-Off,Wasteland Princess,Classified Shotgun,0.00,0.70,Glove Case,$17.48,$7.97,$4.15,$4.34,$4.94,$7.70,$3.58,$1.61,$2.14,$1.46
Sawed-Off,Apocalypto,Restricted Shotgun,0.00,1.00,Prisma 2 Case,$5.49,$1.77,$0.88,$0.74,$0.80,$1.66,$0.69,$0.34,$0.28,$0.27
Sawed-Off,Limelight,Restricted Shotgun,0.00,1.00,Gamma Case,$7.87,$2.53,$1.19,$0.94,$0.96,$2.31,$0.85,$0.46,$0.37,$0.32
Sawed-Off,Serenity,Restricted Shotgun,0.00,0.50,Chroma Case,$7.72,$6.75,$3.56,$3.75,$3.58,$3.02,$2.08,$1.27,$1.31,$1.42
Sawed-Off,Highwayman,Restricted Shotgun,0.00,1.00,Operation Vanguard Weapon Case,$8.58,$4.83,$2.12,$1.88,$1.90,$2.47,$1.27,$0.82,$0.55,$0.52
Sawed-Off,Orange DDPAT,Restricted Shotgun,0.06,0.80,eSports 2013 Case,$187.85,$44.08,$24.21,$37.38,$21.85,$59.23,$19.72,$13.75,$15.30,$15.22
Sawed-Off,Spirit Board,Mil-Spec Shotgun,0.00,1.00,Dreams & Nightmares Case,$0.99,$0.32,$0.13,$0.13,$0.18,$0.27,$0.11,$0.07,$0.07,$0.07
Sawed-Off,Black Sand,Mil-Spec Shotgun,0.00,0.90,Danger Zone Case,$1.03,$0.30,$0.14,$0.12,$0.11,$0.24,$0.12,$0.08,$0.07,$0.07
Sawed-Off,Morris,Mil-Spec Shotgun,0.00,1.00,Spectrum 2 Case,$1.00,$0.30,$0.19,$0.12,$0.12,$0.27,$0.11,$0.09,$0.07,$0.07
Sawed-Off,Zander,Mil-Spec Shotgun,0.05,1.00,Spectrum Case,$1.51,$0.85,$0.34,$0.24,$0.21,$0.35,$0.21,$0.18,$0.17,$0.13
Sawed-Off,Fubar,Mil-Spec Shotgun,0.40,1.00,Chroma 3 Case,Not Possible,Not Possible,Not Possible,$0.31,$0.11,Not Possible,Not Possible,Not Possible,$0.09,$0.07
Sawed-Off,Yorick,Mil-Spec Shotgun,0.00,1.00,Revolver Case,$2.00,$0.70,$0.25,$0.19,$0.17,$0.43,$0.17,$0.09,$0.07,$0.07
Sawed-Off,Origami,Mil-Spec Shotgun,0.00,0.55,Chroma 2 Case,$0.80,$0.41,$0.23,$0.25,$0.43,$0.23,$0.15,$0.09,$0.13,$0.09
XM1014,XOXO,Classified Shotgun,0.00,0.90,Snakebite Case,$28.87,$8.85,$3.70,$3.02,$2.80,$8.71,$3.70,$1.53,$1.35,$1.26
XM1014,Entombed,Classified Shotgun,0.00,0.50,Fracture Case,$19.75,$9.35,$5.45,$5.35,$5.14,$8.66,$4.90,$3.06,$2.79,$2.53
XM1014,Incinegator,Classified Shotgun,0.14,0.65,Prisma Case,Not Possible,$62.69,$3.88,$5.86,$4.25,Not Possible,$16.45,$1.61,$2.53,$1.50
XM1014,Tranquility,Classified Shotgun,0.00,0.50,Operation Vanguard Weapon Case,$90.25,$38.12,$21.00,$25.26,$20.65,$28.31,$11.75,$6.32,$8.29,$7.44
XM1014,Zombie Offensive,Restricted Shotgun,0.00,0.50,Dreams & Nightmares Case,$3.16,$1.15,$0.42,$0.53,$0.47,$1.19,$0.51,$0.23,$0.24,$0.25
XM1014,Ziggy,Restricted Shotgun,0.00,0.72,Spectrum 2 Case,$6.29,$2.50,$1.10,$1.81,$1.30,$1.62,$0.82,$0.42,$0.57,$0.37
XM1014,Seasons,Restricted Shotgun,0.00,0.50,Spectrum Case,$7.62,$4.50,$2.89,$3.91,$3.59,$3.00,$1.78,$1.56,$1.35,$1.69
XM1014,Black Tie,Restricted Shotgun,0.00,0.75,Chroma 3 Case,$19.29,$5.70,$1.62,$2.31,$1.65,$3.14,$1.27,$0.41,$0.46,$0.34
XM1014,Teclu Burner,Restricted Shotgun,0.00,0.65,Revolver Case,$11.99,$5.75,$2.64,$5.14,$2.34,$2.89,$1.52,$1.05,$1.22,$1.04
XM1014,Heaven Guard,Restricted Shotgun,0.03,0.50,Huntsman Weapon Case,$27.99,$16.10,$12.67,$15.11,$12.35,$13.83,$8.05,$6.90,$6.55,$6.39
XM1014,Watchdog,Mil-Spec Shotgun,0.00,1.00,Operation Riptide Case,$27.97,$4.60,$2.21,$1.20,$1.26,$5.00,$1.54,$0.94,$0.57,$0.50
XM1014,Oxide Blaze,Mil-Spec Shotgun,0.00,0.70,Clutch Case,$0.87,$0.28,$0.13,$0.18,$0.13,$0.20,$0.11,$0.07,$0.07,$0.07
XM1014,Slipstream,Mil-Spec Shotgun,0.00,0.50,Gamma 2 Case,$1.61,$0.77,$0.28,$0.40,$0.30,$0.28,$0.15,$0.09,$0.09,$0.09
XM1014,Scumbria,Mil-Spec Shotgun,0.00,1.00,Shadow Case,$4.30,$1.08,$0.42,$0.32,$0.36,$0.95,$0.29,$0.14,$0.13,$0.12
XM1014,Quicksilver,Mil-Spec Shotgun,0.00,0.50,Chroma Case,$1.89,$0.96,$0.60,$1.52,$0.85,$0.42,$0.29,$0.20,$0.31,$0.30
XM1014,Red Python,Mil-Spec Shotgun,0.08,0.50,eSports 2014 Summer Case,Not Possible,$3.65,$1.54,$1.74,$2.18,Not Possible,$2.00,$2.10,$1.42,$1.43
M249,Downtown,Restricted Machine Gun,0.00,0.65,Recoil Case,$4.62,$2.47,$1.08,$0.95,$0.85,$1.78,$0.98,$0.53,$0.46,$0.40
M249,Aztec,Restricted Machine Gun,0.00,0.75,CS20 Case,$4.37,$2.44,$1.21,$1.44,$0.87,$1.72,$1.04,$0.66,$0.59,$0.49
M249,Emerald Poison Dart,Restricted Machine Gun,0.00,0.45,Spectrum Case,$6.91,$3.70,$2.84,$2.71,Not Possible,$2.81,$1.73,$1.38,$2.04,Not Possible
M249,Nebula Crusader,Restricted Machine Gun,0.00,1.00,Shadow Case,$12.00,$5.43,$3.00,$2.41,$2.50,$4.02,$2.14,$1.23,$1.03,$0.96
M249,O.S.I.P.R.,Mil-Spec Machine Gun,0.00,0.70,Snakebite Case,$1.46,$0.57,$0.26,$0.23,$0.23,$0.41,$0.16,$0.09,$0.09,$0.09
M249,Deep Relief,Mil-Spec Machine Gun,0.00,1.00,Operation Broken Fang Case,$3.00,$1.11,$0.43,$0.35,$0.36,$0.88,$0.55,$0.55,$0.41,$0.41
M249,Warbird,Mil-Spec Machine Gun,0.05,0.65,Shattered Web Case,$3.49,$2.25,$0.74,$0.78,$0.75,$1.50,$1.09,$1.03,$1.46,$1.06
M249,Spectre,Mil-Spec Machine Gun,0.00,0.50,Chroma 3 Case,$1.18,$0.40,$0.15,$0.15,$0.15,$0.26,$0.13,$0.08,$0.08,$0.08
M249,System Lock,Mil-Spec Machine Gun,0.00,0.80,Chroma Case,$1.62,$0.82,$0.50,$0.38,$0.30,$0.47,$0.28,$0.18,$0.18,$0.15
M249,Magma,Mil-Spec Machine Gun,0.00,0.70,Winter Offensive Weapon Case,$2.47,$1.89,$1.64,$1.49,$1.29,$1.26,$0.96,$0.93,$1.23,$0.86
Negev,dev_texture,Restricted Machine Gun,0.00,0.65,Snakebite Case,$3.34,$1.27,$0.43,$0.48,$0.46,$1.34,$0.55,$0.23,$0.25,$0.25
Negev,Lionfish,Restricted Machine Gun,0.00,0.55,Clutch Case,$3.65,$1.26,$0.63,$0.54,$0.62,$1.26,$0.57,$0.29,$0.27,$0.28
Negev,Power Loader,Restricted Machine Gun,0.00,1.00,Revolver Case,$28.63,$10.31,$3.88,$2.61,$1.73,$5.94,$2.35,$1.03,$0.61,$0.65
Negev,Loudmouth,Restricted Machine Gun,0.14,0.65,Falchion Case,Not Possible,$30.63,$1.44,$1.89,$1.22,Not Possible,$5.47,$0.69,$0.60,$0.66
Negev,Drop Me,Mil-Spec Machine Gun,0.00,1.00,Recoil Case,$1.09,$0.29,$0.14,$0.11,$0.11,$0.25,$0.12,$0.07,$0.07,$0.07
Negev,Ultralight,Mil-Spec Machine Gun,0.00,0.79,Fracture Case,$0.85,$0.25,$0.12,$0.11,$0.11,$0.20,$0.11,$0.07,$0.07,$0.07
Negev,Prototype,Mil-Spec Machine Gun,0.00,0.70,Prisma 2 Case,$1.07,$0.34,$0.12,$0.19,$0.12,$0.23,$0.12,$0.07,$0.07,$0.07
Negev,Dazzle,Mil-Spec Machine Gun,0.10,0.65,Gamma 2 Case,Not Possible,$1.30,$0.12,$0.31,$0.11,Not Possible,$0.30,$0.09,$0.09,$0.08
Negev,Man-o'-war,Mil-Spec Machine Gun,0.10,0.20,Chroma 2 Case,Not Possible,$0.46,$0.31,Not Possible,Not Possible,Not Possible,$0.12,$0.11,Not Possible,Not Possible
Negev,Bratatat,Mil-Spec Machine Gun,0.00,1.00,eSports 2014 Summer Case,$29.59,$4.60,$1.99,$1.44,$1.27,$8.24,$2.07,$2.08,$1.17,$1.31
Negev,Desert-Strike,Mil-Spec Machine Gun,0.00,0.50,Operation Breakout Weapon Case,$0.83,$0.52,$0.26,$0.28,$0.25,$0.23,$0.14,$0.09,$0.17,$0.08
Negev,Terrain,Mil-Spec Machine Gun,0.00,0.45,Operation Phoenix Weapon Case,$1.26,$0.80,$0.46,$0.86,Not Possible,$0.46,$0.34,$0.25,$0.25,Not Possible
AK-47,Head Shot,Covert Rifle,0.00,1.00,Revolution Case,$297.89,$98.29,$48.82,$32.16,$29.50,$88.98,$38.88,$18.51,$11.57,$9.17
AK-47,Nightwish,Covert Rifle,0.00,1.00,Dreams & Nightmares Case,$235.00,$73.42,$32.72,$23.35,$17.79,$86.07,$27.75,$12.12,$8.94,$6.55
AK-47,Leet Museo,Covert Rifle,0.00,0.65,Operation Riptide Case,$214.86,$109.87,$59.80,$77.94,$56.51,$59.84,$29.09,$17.75,$20.53,$18.00
AK-47,Legion of Anubis,Covert Rifle,0.00,0.70,Fracture Case,$73.27,$41.46,$23.00,$31.77,$16.86,$21.00,$11.79,$7.66,$8.48,$6.23
AK-47,Asiimov,Covert Rifle,0.05,0.70,Danger Zone Case,$699.26,$129.00,$59.03,$82.14,$51.75,$240.18,$51.75,$28.93,$28.06,$22.27
AK-47,Neon Rider,Covert Rifle,0.00,0.80,Horizon Case,$413.42,$180.45,$80.00,$100.74,$57.88,$152.00,$69.93,$35.20,$33.86,$26.42
AK-47,The Empress,Covert Rifle,0.00,1.00,Spectrum 2 Case,$491.69,$180.56,$95.19,$73.39,$64.44,$149.57,$55.68,$33.71,$26.42,$23.61
AK-47,Bloodsport,Covert Rifle,0.00,0.45,Spectrum Case,$358.94,$244.50,$201.51,$230.00,Not Possible,$148.24,$114.67,$99.74,$98.38,Not Possible
AK-47,Neon Revolution,Covert Rifle,0.00,0.80,Gamma 2 Case,$202.72,$74.15,$42.90,$60.00,$38.93,$62.80,$26.98,$15.35,$20.93,$14.49
AK-47,Fuel Injector,Covert Rifle,0.00,1.00,Operation Wildfire Case,"$1,168.40",$650.00,$371.27,$250.67,$208.08,$581.35,$260.68,$178.20,$132.71,$102.92
AK-47,Aquamarine Revenge,Covert Rifle,0.00,1.00,Falchion Case,$301.18,$179.99,$87.91,$60.07,$48.00,$97.80,$58.04,$31.97,$21.12,$20.31
AK-47,Wasteland Rebel,Covert Rifle,0.05,0.70,Operation Vanguard Weapon Case,No Recent Price,$200.14,$99.77,$136.90,$103.08,$290.78,$44.97,$26.39,$40.66,$26.42
AK-47,Jaguar,Covert Rifle,0.00,1.00,eSports 2014 Summer Case,$699.00,$259.99,$140.89,$112.96,$110.00,$235.47,$60.40,$37.26,$31.40,$31.83
AK-47,Vulcan,Covert Rifle,0.00,0.90,Huntsman Weapon Case,No Recent Price,$964.98,$437.00,$284.60,$201.87,"$1,000.00",$562.93,$267.67,$158.76,$95.82
AK-47,Fire Serpent,Covert Rifle,0.06,0.76,Operation Bravo Case,No Recent Price,No Recent Price,No Recent Price,No Recent Price,No Recent Price,No Recent Price,"$1,807.04","$1,067.79",No Recent Price,$652.05
AK-47,Ice Coaled,Classified Rifle,0.00,0.77,Recoil Case,$66.37,$29.99,$15.71,$16.00,$13.31,$21.90,$12.77,$7.27,$6.87,$5.29
AK-47,Phantom Disruptor,Classified Rifle,0.00,0.65,Prisma 2 Case,$40.54,$19.20,$11.50,$14.75,$10.95,$10.97,$6.48,$4.06,$5.08,$3.94
AK-47,Point Disarray,Classified Rifle,0.00,0.67,Revolver Case,$95.29,$43.04,$27.41,$33.62,$30.59,$27.57,$15.08,$9.40,$11.66,$8.70
AK-47,Frontside Misty,Classified Rifle,0.02,0.87,Shadow Case,$207.01,$68.81,$32.43,$33.67,$27.30,$65.00,$25.00,$12.69,$11.45,$9.82
AK-47,Cartel,Classified Rifle,0.00,0.75,Chroma Case,$78.09,$45.40,$29.22,$45.70,$29.99,$23.48,$12.00,$8.20,$12.34,$7.97
AK-47,Redline,Classified Rifle,0.10,0.70,Operation Phoenix Weapon Case,Not Possible,$268.31,$46.00,$40.29,$27.57,Not Possible,$89.21,$17.87,$14.50,$13.65
AK-47,Case Hardened,Classified Rifle,0.00,1.00,CS:GO Weapon Case,"$1,478.49",$752.30,$629.71,$570.63,$460.00,$489.49,$327.66,$284.75,$239.29,$217.81
AK-47,Red Laminate,Classified Rifle,0.06,0.80,eSports 2013 Case,No Recent Price,$312.13,$169.08,$162.08,$143.60,$719.45,$75.57,$42.00,$44.08,$49.12
AK-47,Slate,Restricted Rifle,0.00,1.00,Snakebite Case,$39.79,$13.05,$8.00,$7.20,$7.61,$8.56,$3.51,$2.12,$1.81,$1.79
AK-47,Rat Rod,Restricted Rifle,0.00,1.00,Shattered Web Case,$33.93,$17.04,$10.17,$10.92,$10.70,$11.57,$5.31,$3.25,$3.13,$3.11
AK-47,Orbit Mk01,Restricted Rifle,0.00,0.55,Operation Hydra Case,$75.01,$48.30,$34.47,$44.91,$44.46,$22.48,$14.53,$10.92,$14.30,$11.87
AK-47,Blue Laminate,Restricted Rifle,0.02,0.40,eSports 2013 Winter Case,$44.75,$27.61,$26.69,$33.00,Not Possible,$13.41,$10.43,$9.78,$12.85,Not Possible
AK-47,Uncharted,Mil-Spec Rifle,0.00,0.75,Prisma Case,$5.80,$2.27,$1.74,$2.77,$1.80,$1.08,$0.40,$0.25,$0.52,$0.24
AK-47,Elite Build,Mil-Spec Rifle,0.00,1.00,Chroma 2 Case,$27.54,$6.50,$4.02,$2.79,$2.87,$5.54,$1.84,$1.04,$0.70,$0.72
AUG,Chameleon,Covert Rifle,0.00,0.50,Operation Phoenix Weapon Case,$28.94,$14.50,$12.89,$13.08,$14.40,$5.66,$3.51,$3.01,$3.26,$4.21
AUG,Death by Puppy,Classified Rifle,0.00,0.40,CS20 Case,$30.67,$16.10,$10.36,$14.42,Not Possible,$12.00,$6.90,$5.31,$6.49,Not Possible
AUG,Momentum,Classified Rifle,0.05,1.00,Prisma Case,$101.81,$15.53,$5.00,$4.14,$3.22,$24.05,$6.05,$1.79,$1.33,$1.24
AUG,Stymphalian,Classified Rifle,0.00,0.63,Clutch Case,$18.00,$6.23,$2.64,$3.07,$2.57,$7.27,$3.14,$1.50,$1.49,$1.43
AUG,Syd Mead,Classified Rifle,0.00,0.80,Gamma 2 Case,$26.29,$8.67,$3.77,$4.41,$3.50,$8.20,$3.45,$1.61,$3.00,$1.38
AUG,Fleet Flock,Classified Rifle,0.00,1.00,Chroma 3 Case,$32.16,$9.27,$4.48,$3.56,$3.72,$9.50,$4.07,$2.25,$1.80,$1.80
AUG,Bengal Tiger,Classified Rifle,0.06,0.80,eSports 2014 Summer Case,$124.68,$26.22,$13.36,$14.46,$11.98,$55.25,$8.81,$5.40,$5.26,$5.14
AUG,Arctic Wolf,Restricted Rifle,0.00,0.70,Shattered Web Case,$26.45,$12.00,$5.01,$8.97,$2.72,$6.26,$3.45,$1.84,$1.96,$1.42
AUG,Aristocrat,Restricted Rifle,0.00,0.66,Gamma Case,$6.96,$3.53,$1.35,$2.42,$1.53,$2.12,$0.92,$0.50,$0.58,$0.46
AUG,Torque,Restricted Rifle,0.00,0.50,Huntsman Weapon Case,$18.60,$14.23,$12.37,$11.86,$11.62,$10.65,$8.05,$7.85,$7.28,$7.28
AUG,Plague,Mil-Spec Rifle,0.00,0.76,Operation Riptide Case,$5.06,$2.41,$0.81,$1.10,$0.80,$1.53,$0.89,$0.39,$0.41,$0.35
AUG,Tom Cat,Mil-Spec Rifle,0.00,0.80,Prisma 2 Case,$1.63,$0.42,$0.12,$0.41,$0.12,$0.28,$0.12,$0.08,$0.08,$0.07
AUG,Amber Slipstream,Mil-Spec Rifle,0.00,0.55,Horizon Case,$1.23,$0.65,$0.29,$0.36,$0.25,$0.35,$0.21,$0.14,$0.12,$0.14
AUG,Triqua,Mil-Spec Rifle,0.00,1.00,Spectrum 2 Case,$3.14,$0.36,$0.16,$0.12,$0.12,$0.35,$0.12,$0.08,$0.07,$0.07
AUG,Ricochet,Mil-Spec Rifle,0.00,0.80,Revolver Case,$3.31,$1.03,$0.34,$1.68,$0.19,$0.81,$0.25,$0.09,$0.20,$0.08
AUG,Wings,Mil-Spec Rifle,0.00,0.14,CS:GO Weapon Case,$21.76,$25.19,Not Possible,Not Possible,Not Possible,$22.02,$21.19,Not Possible,Not Possible,Not Possible
AWP,Chromatic Aberration,Covert Sniper Rifle,0.00,0.70,Recoil Case,$73.42,$42.50,$18.89,$31.67,$18.33,$23.48,$15.37,$8.11,$9.29,$6.22
AWP,Containment Breach,Covert Sniper Rifle,0.00,1.00,Shattered Web Case,"$1,782.50",$431.51,$210.00,$153.90,$107.03,$459.81,$163.66,$93.09,$60.00,$45.77
AWP,Wildfire,Covert Sniper Rifle,0.01,0.70,CS20 Case,$440.77,$219.00,$107.92,$118.81,$80.39,$161.53,$91.83,$56.00,$50.00,$33.97
AWP,Neo-Noir,Covert Sniper Rifle,0.00,0.50,Danger Zone Case,$104.00,$72.49,$55.00,$52.63,$54.16,$37.06,$28.81,$23.47,$23.50,$22.50
AWP,Oni Taiji,Covert Sniper Rifle,0.00,0.50,Operation Hydra Case,"$1,079.48",$765.74,$680.00,$479.62,No Recent Price,$641.51,$502.69,$336.76,$278.00,$245.00
AWP,Hyper Beast,Covert Sniper Rifle,0.00,1.00,Falchion Case,$415.05,$159.00,$80.75,$68.46,$67.56,$120.00,$60.00,$33.00,$23.37,$20.97
AWP,Man-o'-war,Covert Sniper Rifle,0.10,0.20,Chroma Case,Not Possible,$84.00,$87.36,Not Possible,Not Possible,Not Possible,$37.60,$35.55,Not Possible,Not Possible
AWP,Asiimov,Covert Sniper Rifle,0.18,1.00,Operation Phoenix Weapon Case,Not Possible,Not Possible,$304.93,$228.34,$156.89,Not Possible,Not Possible,$154.99,$103.76,$85.16
AWP,Lightning Strike,Covert Sniper Rifle,0.00,0.08,CS:GO Weapon Case,"$1,499.90",No Recent Price,Not Possible,Not Possible,Not Possible,$691.31,$881.31,Not Possible,Not Possible,Not Possible
AWP,Duality,Classified Sniper Rifle,0.00,0.70,Revolution Case,$55.97,$22.86,$11.57,$16.56,$11.38,$16.40,$8.20,$4.05,$4.96,$3.48
AWP,Mortis,Classified Sniper Rifle,0.00,0.64,Clutch Case,$18.53,$7.66,$4.50,$7.24,$6.45,$6.93,$3.19,$1.54,$2.37,$1.50
AWP,Fever Dream,Classified Sniper Rifle,0.00,0.55,Spectrum Case,$36.50,$24.10,$16.99,$20.82,$16.82,$13.80,$10.29,$8.10,$7.65,$7.15
AWP,Elite Build,Classified Sniper Rifle,0.00,1.00,Operation Wildfire Case,$87.87,$45.62,$24.99,$23.85,$22.49,$38.27,$21.66,$14.65,$13.92,$12.39
AWP,Corticera,Classified Sniper Rifle,0.06,0.30,eSports 2014 Summer Case,$131.04,$39.33,$34.13,Not Possible,Not Possible,$45.82,$14.64,$13.22,Not Possible,Not Possible
AWP,Redline,Classified Sniper Rifle,0.10,0.40,Winter Offensive Weapon Case,Not Possible,$160.00,$80.10,$136.90,Not Possible,Not Possible,$66.38,$39.00,$57.21,Not Possible
AWP,Electric Hive,Classified Sniper Rifle,0.00,0.40,eSports 2013 Winter Case,$123.00,$102.00,$60.00,$122.47,Not Possible,$68.68,$42.22,$33.52,$43.82,Not Possible
AWP,Graphite,Classified Sniper Rifle,0.00,0.12,Operation Bravo Case,$489.34,$438.07,Not Possible,Not Possible,Not Possible,$180.00,$188.92,Not Possible,Not Possible,Not Possible
AWP,BOOM,Classified Sniper Rifle,0.06,0.28,eSports 2013 Case,"$1,152.13",$257.53,$219.16,Not Possible,Not Possible,$466.99,$106.00,$92.83,Not Possible,Not Possible
AWP,Exoskeleton,Restricted Sniper Rifle,0.00,1.00,Operation Broken Fang Case,$37.00,$9.79,$4.57,$4.51,$4.60,$8.25,$3.88,$2.66,$2.07,$1.84
AWP,Atheris,Restricted Sniper Rifle,0.00,1.00,Prisma Case,$43.32,$15.38,$7.50,$5.43,$4.90,$13.00,$5.66,$2.41,$1.61,$1.54
AWP,PAW,Restricted Sniper Rifle,0.00,0.50,Horizon Case,$15.70,$7.61,$3.71,$5.14,$6.15,$4.29,$2.41,$1.30,$1.40,$1.41
AWP,Phobos,Restricted Sniper Rifle,0.00,0.40,Gamma Case,$6.99,$3.84,$3.22,$12.69,Not Possible,$2.07,$1.03,$0.86,$3.13,Not Possible
AWP,Worm God,Restricted Sniper Rifle,0.00,0.45,Chroma 2 Case,$7.40,$4.67,$3.68,$6.55,Not Possible,$2.70,$1.75,$1.32,$1.49,Not Possible
AWP,Capillary,Mil-Spec Sniper Rifle,0.05,0.70,Prisma 2 Case,$10.07,$1.55,$0.82,$1.41,$0.87,$1.90,$0.37,$0.14,$0.25,$0.13
FAMAS,Commemoration,Covert Rifle,0.00,0.50,CS20 Case,$81.05,$46.01,$33.35,$53.70,$37.78,$21.74,$14.12,$12.36,$12.71,$13.63
FAMAS,Roll Cage,Covert Rifle,0.00,1.00,Gamma 2 Case,$109.21,$17.78,$8.16,$6.95,$6.36,$18.66,$5.59,$2.89,$2.14,$2.02
FAMAS,Rapid Eye Movement,Classified Rifle,0.00,1.00,Dreams & Nightmares Case,$20.93,$6.39,$2.72,$2.23,$2.13,$8.13,$3.28,$1.44,$1.26,$1.24
FAMAS,Eye of Athena,Classified Rifle,0.00,0.70,Horizon Case,$34.09,$16.96,$7.65,$8.62,$6.72,$13.13,$6.09,$4.02,$3.93,$4.15
FAMAS,Mecha Industries,Classified Rifle,0.00,0.50,Glove Case,$20.75,$12.37,$7.04,$7.13,$6.86,$8.19,$5.00,$3.36,$3.06,$3.01
FAMAS,Djinn,Classified Rifle,0.00,1.00,Chroma 2 Case,$41.53,$13.50,$5.65,$5.41,$4.89,$12.49,$5.00,$2.61,$2.24,$2.23
FAMAS,Afterimage,Classified Rifle,0.02,0.40,eSports 2013 Winter Case,$59.98,$45.14,$29.27,$28.37,Not Possible,$65.40,$30.63,$29.00,$62.96,Not Possible
FAMAS,ZX Spectron,Restricted Rifle,0.00,1.00,Operation Riptide Case,$23.50,$8.54,$3.19,$2.57,$2.62,$7.68,$2.76,$1.40,$1.11,$1.15
FAMAS,Valence,Restricted Rifle,0.00,0.80,Operation Wildfire Case,$18.55,$8.05,$3.96,$4.48,$3.91,$6.59,$3.33,$2.38,$2.39,$1.92
FAMAS,Neural Net,Restricted Rifle,0.00,0.60,Falchion Case,$5.87,$3.27,$1.49,$2.11,$1.42,$1.86,$1.11,$0.70,$0.74,$0.76
FAMAS,Sergeant,Restricted Rifle,0.10,1.00,Operation Phoenix Weapon Case,Not Possible,$12.54,$3.75,$4.16,$3.15,Not Possible,$4.79,$2.20,$1.96,$1.58
FAMAS,Pulse,Restricted Rifle,0.00,0.40,Winter Offensive Weapon Case,$15.73,$13.50,$12.39,$15.58,Not Possible,$7.36,$6.11,$5.77,$8.32,Not Possible
FAMAS,Meow 36,Mil-Spec Rifle,0.00,1.00,Recoil Case,$1.77,$0.34,$0.14,$0.12,$0.12,$0.34,$0.13,$0.08,$0.07,$0.07
FAMAS,Decommissioned,Mil-Spec Rifle,0.00,1.00,CS20 Case,$2.94,$0.47,$0.21,$0.16,$0.15,$0.49,$0.14,$0.15,$0.10,$0.09
FAMAS,Crypsis,Mil-Spec Rifle,0.00,0.55,Prisma Case,$1.85,$0.77,$0.29,$0.29,$0.24,$0.51,$0.24,$0.13,$0.14,$0.11
FAMAS,Macabre,Mil-Spec Rifle,0.00,0.60,Operation Hydra Case,$6.16,$5.03,$4.11,$4.14,$3.91,$3.26,$2.72,$4.00,$3.26,$2.43
FAMAS,Survivor Z,Mil-Spec Rifle,0.00,0.60,Shadow Case,$1.89,$1.07,$0.51,$1.03,$0.54,$0.54,$0.35,$0.15,$0.21,$0.12
FAMAS,Hexane,Mil-Spec Rifle,0.00,0.40,CS:GO Weapon Case 2,$9.51,$7.70,$6.57,$6.44,Not Possible,$6.91,$5.63,$5.25,$6.03,Not Possible
FAMAS,Doomkitty,Mil-Spec Rifle,0.08,0.22,eSports 2013 Case,Not Possible,$4.15,$3.94,Not Possible,Not Possible,Not Possible,$4.02,$3.95,Not Possible,Not Possible
G3SG1,The Executioner,Classified Sniper Rifle,0.14,0.85,Revolver Case,Not Possible,$67.91,$3.77,$3.13,$3.24,Not Possible,$12.99,$1.65,$1.34,$1.42
G3SG1,Flux,Classified Sniper Rifle,0.00,0.90,Shadow Case,$69.39,$40.97,$18.60,$12.89,$14.09,$23.99,$12.58,$7.72,$6.69,$5.26
G3SG1,Dream Glade,Restricted Sniper Rifle,0.00,1.00,Dreams & Nightmares Case,$3.81,$1.09,$0.42,$0.38,$0.37,$1.29,$0.48,$0.23,$0.25,$0.23
G3SG1,Scavenger,Restricted Sniper Rifle,0.00,0.65,Danger Zone Case,$4.18,$1.80,$0.95,$0.87,$0.83,$1.39,$0.78,$0.48,$0.54,$0.50
G3SG1,High Seas,Restricted Sniper Rifle,0.00,0.70,Horizon Case,$7.61,$3.49,$1.50,$1.81,$1.16,$2.99,$1.47,$0.78,$0.61,$0.51
G3SG1,Stinger,Restricted Sniper Rifle,0.00,0.70,Glove Case,$3.70,$1.70,$0.72,$0.66,$0.54,$1.27,$0.65,$0.36,$0.57,$0.28
G3SG1,Keeping Tabs,Mil-Spec Sniper Rifle,0.00,0.70,Operation Riptide Case,$3.76,$2.50,$0.80,$0.47,$0.38,$1.34,$0.76,$0.37,$0.28,$0.31
G3SG1,Digital Mesh,Mil-Spec Sniper Rifle,0.00,0.80,Operation Broken Fang Case,$2.42,$1.23,$0.42,$0.40,$0.35,$0.96,$0.57,$0.52,$0.49,$0.41
G3SG1,Black Sand,Mil-Spec Sniper Rifle,0.00,0.80,Shattered Web Case,$3.15,$1.99,$0.75,$1.74,$0.82,$1.65,$1.03,$1.10,$1.45,$1.08
G3SG1,Hunter,Mil-Spec Sniper Rifle,0.00,1.00,Spectrum 2 Case,$1.16,$0.34,$0.19,$0.11,$0.11,$0.28,$0.13,$0.09,$0.07,$0.07
G3SG1,Ventilator,Mil-Spec Sniper Rifle,0.00,0.45,Gamma 2 Case,$0.92,$0.28,$0.13,$0.15,Not Possible,$0.23,$0.11,$0.08,$0.07,Not Possible
G3SG1,Orange Crash,Mil-Spec Sniper Rifle,0.00,0.52,Chroma 3 Case,$1.10,$0.41,$0.15,$0.18,$0.15,$0.25,$0.12,$0.08,$0.08,$0.08
G3SG1,Murky,Mil-Spec Sniper Rifle,0.00,0.25,Operation Vanguard Weapon Case,$2.49,$2.04,$1.29,Not Possible,Not Possible,$0.64,$0.55,$0.46,Not Possible,Not Possible
G3SG1,Azure Zebra,Mil-Spec Sniper Rifle,0.00,0.28,eSports 2013 Winter Case,$6.10,$4.99,$4.77,Not Possible,Not Possible,$1.62,$1.40,$1.45,Not Possible,Not Possible
G3SG1,Demeter,Mil-Spec Sniper Rifle,0.06,0.80,Operation Bravo Case,$67.91,$8.48,$6.70,$6.87,$6.28,$18.43,$8.65,$8.05,$7.66,$6.33
Galil AR,Chatterbox,Covert Rifle,0.35,0.85,Chroma Case,Not Possible,Not Possible,$559.27,$73.14,$36.87,Not Possible,Not Possible,$79.95,$15.11,$8.06
Galil AR,Chromatic Aberration,Classified Rifle,0.00,1.00,Snakebite Case,$35.69,$10.51,$4.49,$3.48,$3.07,$10.06,$3.98,$1.78,$1.29,$1.27
Galil AR,Sugar Rush,Classified Rifle,0.00,0.55,Operation Hydra Case,$219.23,No Recent Price,$106.35,$181.81,$106.76,$77.71,$55.00,$49.33,$50.30,$46.62
Galil AR,Eco,Classified Rifle,0.10,0.85,Chroma 2 Case,Not Possible,$79.70,$9.00,$6.00,$5.75,Not Possible,$34.50,$4.33,$3.06,$2.89
Galil AR,Connexion,Restricted Rifle,0.00,0.80,Fracture Case,$4.48,$1.78,$0.74,$0.92,$0.52,$1.51,$0.77,$0.37,$0.30,$0.26
Galil AR,Signal,Restricted Rifle,0.00,0.50,Danger Zone Case,$3.99,$2.10,$1.15,$1.78,$1.08,$1.38,$0.78,$0.50,$0.46,$0.46
Galil AR,Crimson Tsunami,Restricted Rifle,0.00,0.55,Spectrum Case,$8.89,$5.54,$2.85,$2.85,$2.58,$3.04,$1.80,$1.47,$1.69,$1.40
Galil AR,Firefight,Restricted Rifle,0.00,1.00,Chroma 3 Case,$8.78,$2.49,$0.83,$0.62,$0.55,$2.24,$0.75,$0.36,$0.27,$0.25
Galil AR,Stone Cold,Restricted Rifle,0.00,0.90,Shadow Case,$27.57,$8.39,$3.72,$4.00,$2.76,$7.65,$3.16,$1.54,$1.49,$1.00
Galil AR,Orange DDPAT,Restricted Rifle,0.06,0.80,eSports 2013 Case,No Recent Price,$43.37,$24.76,$21.07,$24.97,$78.74,$21.00,$13.50,$13.80,$15.98
Galil AR,Destroyer,Mil-Spec Rifle,0.00,0.70,Recoil Case,$0.99,$0.37,$0.15,$0.21,$0.15,$0.23,$0.13,$0.08,$0.07,$0.07
Galil AR,Vandal,Mil-Spec Rifle,0.00,1.00,Operation Broken Fang Case,$5.77,$1.28,$0.57,$0.35,$0.36,$1.20,$0.55,$0.53,$0.41,$0.42
Galil AR,Akoben,Mil-Spec Rifle,0.00,0.75,Prisma Case,$1.80,$0.83,$0.28,$0.98,$0.26,$0.55,$0.28,$0.16,$0.25,$0.15
Galil AR,Black Sand,Mil-Spec Rifle,0.00,1.00,Glove Case,$3.53,$0.62,$0.27,$0.23,$0.24,$0.51,$0.15,$0.10,$0.09,$0.08
Galil AR,Rocket Pop,Mil-Spec Rifle,0.00,1.00,Falchion Case,$20.28,$4.27,$1.52,$0.93,$0.74,$7.63,$2.35,$0.96,$0.46,$0.28
Galil AR,Kami,Mil-Spec Rifle,0.00,0.60,Huntsman Weapon Case,$7.20,$3.05,$1.79,$2.04,$1.61,$3.26,$2.78,$2.57,$2.10,$2.68
Galil AR,Blue Titanium,Mil-Spec Rifle,0.00,0.04,eSports 2013 Winter Case,$9.33,Not Possible,Not Possible,Not Possible,Not Possible,$3.63,Not Possible,Not Possible,Not Possible,Not Possible
Galil AR,Sandstorm,Mil-Spec Rifle,0.10,0.60,Winter Offensive Weapon Case,Not Possible,$5.59,$1.63,$2.42,$1.46,Not Possible,$3.12,$1.00,$1.19,$1.31
Galil AR,Shattered,Mil-Spec Rifle,0.06,0.80,Operation Bravo Case,$114.82,$9.50,$6.23,$6.21,$6.64,$32.70,$7.65,$7.59,$7.33,$6.90
M4A1-S,Printstream,Covert Rifle,0.00,0.80,Operation Broken Fang Case,"$1,194.85",$549.99,$313.97,$302.27,$212.72,$489.49,$272.71,$188.79,$166.75,$117.72
M4A1-S,Player Two,Covert Rifle,0.00,0.84,Prisma 2 Case,$276.70,$112.44,$54.79,$66.71,$40.19,$107.82,$51.88,$24.73,$24.10,$15.56
M4A1-S,Mecha Industries,Covert Rifle,0.00,0.80,Gamma Case,$262.06,$113.34,$71.00,$83.84,$61.43,$83.00,$48.32,$30.07,$41.14,$22.34
M4A1-S,Chantico's Fire,Covert Rifle,0.00,0.99,Chroma 3 Case,$442.35,$120.47,$64.44,$47.73,$48.07,$131.44,$49.08,$25.56,$18.03,$15.79
M4A1-S,Golden Coil,Covert Rifle,0.00,1.00,Shadow Case,$499.99,$245.77,$138.53,$108.56,$85.64,$195.90,$91.51,$59.98,$40.44,$36.42
M4A1-S,Hyper Beast,Covert Rifle,0.00,1.00,Chroma 2 Case,$566.75,$169.76,$69.30,$48.32,$42.38,$163.20,$52.85,$23.54,$16.80,$13.92
M4A1-S,Cyrex,Covert Rifle,0.00,0.50,Operation Breakout Weapon Case,$138.01,$95.00,$57.19,$54.21,$56.67,$37.76,$26.29,$18.80,$19.45,$18.80
M4A1-S,Nightmare,Classified Rifle,0.00,1.00,Horizon Case,$143.75,$56.95,$26.29,$18.63,$16.60,$45.83,$19.98,$9.98,$7.45,$6.71
M4A1-S,Leaded Glass,Classified Rifle,0.00,0.70,Spectrum 2 Case,$38.33,$19.98,$13.22,$17.38,$13.13,$12.58,$6.92,$4.72,$6.23,$4.40
M4A1-S,Decimator,Classified Rifle,0.00,0.85,Spectrum Case,$120.75,$58.22,$34.27,$37.56,$34.58,$40.41,$21.93,$13.00,$15.04,$10.92
M4A1-S,Atomic Alloy,Classified Rifle,0.00,0.90,Huntsman Weapon Case,$181.66,$95.45,$51.88,$44.46,$43.67,$87.90,$48.71,$36.65,$33.24,$33.53
M4A1-S,Guardian,Classified Rifle,0.00,0.50,Winter Offensive Weapon Case,$116.24,$88.47,$75.04,$66.85,$63.97,$31.77,$23.88,$20.41,$20.12,$23.63
M4A1-S,Emphorosaur-S,Restricted Rifle,0.00,0.80,Revolution Case,$14.23,$5.59,$2.53,$4.38,$2.50,$3.65,$1.61,$0.69,$1.03,$0.53
M4A1-S,Night Terror,Restricted Rifle,0.00,0.70,Dreams & Nightmares Case,$8.94,$3.88,$2.72,$5.57,$6.95,$1.73,$0.81,$0.47,$1.40,$2.00
M4A1-S,Flashback,Restricted Rifle,0.00,1.00,Glove Case,$19.29,$6.83,$3.18,$2.84,$3.11,$3.12,$0.95,$0.48,$0.48,$0.46
M4A1-S,Basilisk,Restricted Rifle,0.00,0.68,Operation Vanguard Weapon Case,$50.65,$26.82,$17.99,$24.95,$19.12,$13.37,$7.21,$5.37,$8.43,$5.99
M4A1-S,Bright Water,Restricted Rifle,0.10,0.22,Operation Bravo Case,Not Possible,$68.00,$63.34,Not Possible,Not Possible,Not Possible,$29.09,$27.11,Not Possible,Not Possible
M4A1-S,Dark Water,Restricted Rifle,0.10,0.26,CS:GO Weapon Case,Not Possible,$163.45,$159.88,Not Possible,Not Possible,Not Possible,$77.30,$72.00,Not Possible,Not Possible
M4A1-S,Briefing,Mil-Spec Rifle,0.00,0.80,Operation Hydra Case,$56.89,$18.37,$10.03,$14.96,$11.35,$12.59,$5.10,$3.26,$6.32,$3.22
M4A1-S,Blood Tiger,Mil-Spec Rifle,0.00,0.30,CS:GO Weapon Case 2,$21.19,$13.69,$15.69,Not Possible,Not Possible,$7.45,$6.09,$5.55,Not Possible,Not Possible
M4A4,Howl,Contraband Rifle,0.00,0.40,NA,No Recent Price,No Recent Price,No Recent Price,No Recent Price,Not Possible,No Recent Price,No Recent Price,No Recent Price,No Recent Price,Not Possible
M4A4,Temukau,Covert Rifle,0.00,0.80,Revolution Case,$436.69,$151.68,$46.00,$51.90,$30.59,$180.40,$78.63,$22.66,$18.46,$11.50
M4A4,In Living Color,Covert Rifle,0.00,0.79,Snakebite Case,$115.37,$39.58,$15.83,$20.82,$13.24,$39.72,$14.44,$6.06,$6.85,$4.94
M4A4,The Emperor,Covert Rifle,0.00,0.80,Prisma Case,$472.04,$120.00,$42.00,$40.99,$32.85,$158.81,$43.82,$13.89,$13.07,$9.10
M4A4,Neo-Noir,Covert Rifle,0.00,0.90,Clutch Case,$131.94,$41.77,$14.64,$12.01,$10.92,$38.32,$13.00,$6.01,$5.07,$4.52
M4A4,Buzz Kill,Covert Rifle,0.00,0.70,Glove Case,$100.00,$44.55,$28.40,$37.78,$25.65,$35.23,$14.12,$9.23,$12.12,$8.02
M4A4,The Battlestar,Covert Rifle,0.00,0.64,Operation Wildfire Case,$60.00,$37.27,$18.02,$27.19,$19.28,$13.15,$6.36,$4.37,$5.89,$4.86
M4A4,Royal Paladin,Covert Rifle,0.00,0.80,Revolver Case,$373.55,$89.28,$26.65,$35.04,$26.83,$109.49,$22.50,$6.82,$12.19,$5.70
M4A4,Bullet Rain,Covert Rifle,0.02,0.46,eSports 2014 Summer Case,$231.96,$76.45,$45.47,$60.23,No Recent Price,$64.33,$19.12,$15.27,$17.17,$63.53
M4A4,Desert-Strike,Covert Rifle,0.00,0.70,Huntsman Weapon Case,$40.02,$18.88,$18.18,$18.56,$19.66,$8.36,$5.24,$4.02,$6.58,$3.93
M4A4,Asiimov,Covert Rifle,0.18,1.00,Winter Offensive Weapon Case,Not Possible,Not Possible,$641.64,$415.00,$173.33,Not Possible,Not Possible,$162.75,$119.11,$65.80
M4A4,X-Ray,Covert Rifle,0.00,0.30,eSports 2013 Winter Case,$100.00,$67.12,$60.07,Not Possible,Not Possible,$19.79,$15.01,$15.07,Not Possible,Not Possible
M4A4,Cyber Security,Classified Rifle,0.00,0.98,Operation Broken Fang Case,$142.30,$60.44,$27.39,$21.40,$19.89,$47.90,$29.09,$17.49,$16.38,$15.95
M4A4,Tooth Fairy,Classified Rifle,0.00,0.73,Fracture Case,$21.90,$11.00,$5.75,$6.02,$5.89,$8.70,$5.10,$2.96,$2.83,$2.37
M4A4,Hellfire,Classified Rifle,0.00,0.50,Operation Hydra Case,$222.36,$141.54,$81.27,$114.45,$99.66,$80.85,$52.03,$46.61,$46.96,$51.08
M4A4,Desolate Space,Classified Rifle,0.00,1.00,Gamma Case,$99.67,$38.32,$19.47,$16.30,$15.07,$25.87,$10.70,$6.03,$4.90,$4.20
M4A4,龍王 (Dragon King),Classified Rifle,0.00,0.75,Chroma Case,$87.64,$39.50,$19.06,$37.50,$19.40,$34.50,$15.67,$7.62,$10.36,$8.31
M4A4,Spider Lily,Restricted Rifle,0.00,1.00,Operation Riptide Case,$65.90,$17.26,$6.96,$5.26,$5.01,$17.06,$6.01,$2.91,$2.01,$1.90
M4A4,Evil Daimyo,Restricted Rifle,0.00,0.52,Falchion Case,$17.50,$9.17,$5.37,$7.53,$8.30,$5.53,$3.10,$1.96,$2.60,$2.08
M4A4,Griffin,Restricted Rifle,0.00,0.80,Operation Vanguard Weapon Case,$22.20,$9.50,$4.73,$9.82,$5.45,$6.00,$3.03,$1.90,$5.21,$1.93
M4A4,Zirka,Restricted Rifle,0.06,0.42,Operation Bravo Case,$194.28,$68.81,$50.16,$93.09,Not Possible,$47.84,$27.39,$27.00,$26.00,Not Possible
M4A4,Poly Mag,Mil-Spec Rifle,0.00,1.00,Recoil Case,$3.74,$0.71,$0.24,$0.16,$0.17,$0.49,$0.12,$0.08,$0.07,$0.07
M4A4,Magnesium,Mil-Spec Rifle,0.00,1.00,Danger Zone Case,$10.87,$2.10,$0.88,$0.46,$0.41,$2.20,$0.40,$0.17,$0.09,$0.09
M4A4,Faded Zebra,Mil-Spec Rifle,0.06,0.80,eSports 2013 Case,$86.06,$7.61,$3.73,$4.97,$5.42,$20.25,$4.15,$3.45,$3.46,$3.81
SCAR-20,Bloodsport,Classified Sniper Rifle,0.00,0.45,Gamma Case,$21.99,$10.36,$6.28,$6.47,Not Possible,$7.66,$4.10,$2.94,$2.91,Not Possible
SCAR-20,Cardiac,Classified Sniper Rifle,0.00,1.00,Operation Vanguard Weapon Case,$72.94,$16.56,$12.42,$8.78,$8.74,$15.78,$5.03,$4.05,$3.03,$3.38
SCAR-20,Cyrex,Classified Sniper Rifle,0.00,0.50,Huntsman Weapon Case,$134.15,$99.65,$57.47,$51.48,$46.00,$63.25,$52.00,$42.04,$42.06,$40.79
SCAR-20,Enforcer,Restricted Sniper Rifle,0.00,1.00,Prisma 2 Case,$5.26,$1.75,$0.83,$0.77,$0.71,$1.84,$0.70,$0.37,$0.28,$0.31
SCAR-20,Powercore,Restricted Sniper Rifle,0.00,1.00,Gamma 2 Case,$4.44,$1.46,$0.62,$0.55,$0.47,$1.91,$0.58,$0.29,$0.27,$0.25
SCAR-20,Fragments,Mil-Spec Sniper Rifle,0.00,0.78,Revolution Case,$0.98,$0.41,$0.16,$0.23,$0.15,$0.26,$0.13,$0.09,$0.07,$0.07
SCAR-20,Poultrygeist,Mil-Spec Sniper Rifle,0.00,0.57,Dreams & Nightmares Case,$0.78,$0.35,$0.14,$0.17,$0.16,$0.19,$0.11,$0.07,$0.07,$0.07
SCAR-20,Torn,Mil-Spec Sniper Rifle,0.00,0.45,Shattered Web Case,$2.66,$1.91,$0.76,$1.91,Not Possible,$1.10,$1.10,$1.07,$1.16,Not Possible
SCAR-20,Assault,Mil-Spec Sniper Rifle,0.00,0.62,CS20 Case,$0.96,$0.34,$0.13,$0.38,$0.14,$0.23,$0.15,$0.14,$0.80,$0.10
SCAR-20,Jungle Slipstream,Mil-Spec Sniper Rifle,0.00,0.50,Spectrum 2 Case,$0.70,$0.31,$0.15,$0.15,$0.24,$0.20,$0.11,$0.08,$0.07,$0.08
SCAR-20,Blueprint,Mil-Spec Sniper Rifle,0.00,0.75,Spectrum Case,$1.00,$0.60,$0.31,$0.31,$0.23,$0.31,$0.23,$0.18,$0.21,$0.14
SCAR-20,Outbreak,Mil-Spec Sniper Rifle,0.00,0.50,Revolver Case,$1.43,$0.78,$0.27,$0.19,$0.18,$0.34,$0.17,$0.09,$0.08,$0.12
SCAR-20,Green Marine,Mil-Spec Sniper Rifle,0.00,0.80,Shadow Case,$1.78,$0.85,$0.27,$0.36,$0.27,$0.51,$0.28,$0.14,$0.12,$0.14
SCAR-20,Grotto,Mil-Spec Sniper Rifle,0.00,0.50,Chroma Case,$1.24,$0.80,$0.55,$0.43,$0.39,$0.43,$0.28,$0.20,$0.26,$0.26
SCAR-20,Crimson Web,Mil-Spec Sniper Rifle,0.06,0.80,CS:GO Weapon Case 2,$100.00,$8.00,$6.29,$5.75,$4.91,$16.10,$6.79,$5.37,$4.97,$4.84
SG 553,Colony IV,Classified Rifle,0.00,1.00,Shattered Web Case,$109.21,$56.67,$16.81,$16.38,$14.32,$45.88,$20.09,$8.78,$8.13,$8.19
SG 553,Cyrex,Classified Rifle,0.00,1.00,Falchion Case,$63.43,$21.50,$10.41,$9.43,$9.27,$15.96,$7.50,$4.64,$4.60,$4.91
SG 553,Dragon Tech,Restricted Rifle,0.00,0.70,Recoil Case,$5.14,$2.76,$1.12,$1.44,$0.95,$1.80,$1.05,$0.53,$0.50,$0.41
SG 553,Darkwing,Restricted Rifle,0.00,1.00,Prisma 2 Case,$9.20,$1.99,$0.96,$0.86,$0.86,$1.98,$0.70,$0.37,$0.27,$0.28
SG 553,Phantom,Restricted Rifle,0.00,0.60,Spectrum 2 Case,$4.05,$1.87,$1.09,$1.28,$1.32,$1.38,$0.64,$0.38,$0.42,$0.39
SG 553,Triarch,Restricted Rifle,0.00,1.00,Gamma 2 Case,$6.84,$1.39,$0.61,$0.49,$0.61,$1.92,$0.57,$0.28,$0.24,$0.25
SG 553,Tiger Moth,Restricted Rifle,0.00,1.00,Revolver Case,$9.49,$4.02,$1.84,$1.51,$1.33,$2.56,$1.32,$0.73,$0.43,$0.46
SG 553,Pulse,Restricted Rifle,0.10,0.60,Operation Phoenix Weapon Case,Not Possible,$10.99,$3.37,$3.63,$3.38,Not Possible,$3.88,$2.31,$2.44,$2.01
SG 553,Cyberforce,Mil-Spec Rifle,0.00,0.90,Revolution Case,$2.16,$0.43,$0.16,$0.14,$0.15,$0.37,$0.12,$0.08,$0.07,$0.07
SG 553,Heavy Metal,Mil-Spec Rifle,0.00,1.00,Snakebite Case,$1.68,$0.61,$0.25,$0.23,$0.24,$0.46,$0.16,$0.09,$0.09,$0.09
SG 553,Ol' Rusty,Mil-Spec Rifle,0.00,0.70,Fracture Case,$0.71,$0.24,$0.12,$0.12,$0.11,$0.19,$0.11,$0.07,$0.07,$0.07
SG 553,Danger Close,Mil-Spec Rifle,0.02,0.80,Danger Zone Case,$1.80,$0.32,$0.14,$0.21,$0.12,$0.24,$0.12,$0.08,$0.08,$0.07
SG 553,Aloha,Mil-Spec Rifle,0.00,0.55,Clutch Case,$0.72,$0.25,$0.12,$0.11,$0.12,$0.20,$0.11,$0.07,$0.07,$0.07
SG 553,Aerial,Mil-Spec Rifle,0.00,0.60,Gamma Case,$1.09,$0.55,$0.23,$0.42,$0.17,$0.27,$0.14,$0.11,$0.12,$0.11
SG 553,Atlas,Mil-Spec Rifle,0.00,0.81,Chroma 3 Case,$1.26,$0.48,$0.16,$0.42,$0.12,$0.28,$0.13,$0.08,$0.08,$0.07
SG 553,Wave Spray,Mil-Spec Rifle,0.06,0.80,Operation Bravo Case,$81.80,$8.88,$6.45,$6.34,$6.12,$20.30,$8.10,$8.22,$7.20,$7.14
SG 553,Ultraviolet,Mil-Spec Rifle,0.06,0.80,CS:GO Weapon Case,$138.74,$24.54,$19.96,$20.27,$21.50,$46.99,$21.85,$20.09,$19.33,$19.90
SSG 08,Dragonfire,Covert Sniper Rifle,0.00,0.50,Glove Case,$104.22,$54.77,$41.18,$48.03,$40.37,$22.93,$15.31,$12.07,$12.99,$12.01
SSG 08,Blood in the Water,Covert Sniper Rifle,0.06,0.20,CS:GO Weapon Case 2,$521.95,$217.18,$228.43,Not Possible,Not Possible,$71.80,$51.48,$50.00,Not Possible,Not Possible
SSG 08,Turbo Peek,Classified Sniper Rifle,0.00,0.60,Operation Riptide Case,$54.33,$29.00,$12.37,$14.99,$13.04,$17.63,$8.13,$5.10,$5.36,$4.37
SSG 08,Bloodshot,Classified Sniper Rifle,0.14,0.60,Shattered Web Case,Not Possible,No Recent Price,$20.70,$24.54,$22.93,Not Possible,$64.14,$8.24,$7.64,$7.53
SSG 08,Big Iron,Classified Sniper Rifle,0.00,0.64,Shadow Case,$62.96,$37.69,$18.22,$16.24,$17.71,$22.42,$13.61,$7.59,$6.87,$6.44
SSG 08,Parallax,Restricted Sniper Rifle,0.00,1.00,Operation Broken Fang Case,$23.76,$7.78,$3.30,$2.60,$2.79,$5.75,$3.83,$2.76,$1.85,$1.70
SSG 08,Fever Dream,Restricted Sniper Rifle,0.00,0.72,Prisma 2 Case,$8.08,$3.27,$1.24,$3.51,$1.12,$1.88,$0.94,$0.37,$0.63,$0.30
SSG 08,Death's Head,Restricted Sniper Rifle,0.00,0.51,Operation Hydra Case,$22.45,$21.41,$14.83,$14.19,$16.76,$10.60,$8.70,$7.70,$9.31,$7.28
SSG 08,Ghost Crusader,Restricted Sniper Rifle,0.00,1.00,Chroma 3 Case,$14.26,$5.41,$1.70,$1.15,$1.03,$3.45,$1.39,$0.52,$0.28,$0.25
SSG 08,Mainframe 001,Mil-Spec Sniper Rifle,0.00,1.00,Fracture Case,$2.12,$0.34,$0.14,$0.12,$0.11,$0.30,$0.11,$0.07,$0.07,$0.07
SSG 08,Necropos,Mil-Spec Sniper Rifle,0.00,1.00,Operation Wildfire Case,$8.79,$1.10,$0.57,$0.46,$0.42,$1.15,$0.55,$0.58,$0.39,$0.42
SSG 08,Dark Water,Mil-Spec Sniper Rifle,0.10,0.26,eSports 2014 Summer Case,Not Possible,$2.85,$1.95,Not Possible,Not Possible,Not Possible,$1.99,$2.12,Not Possible,Not Possible
SSG 08,Abyss,Mil-Spec Sniper Rifle,0.00,1.00,Operation Breakout Weapon Case,$12.09,$1.85,$0.72,$0.48,$0.50,$3.15,$0.54,$0.23,$0.13,$0.13
SSG 08,Slashed,Mil-Spec Sniper Rifle,0.15,0.80,Huntsman Weapon Case,Not Possible,Not Possible,$1.81,$1.64,$1.47,Not Possible,Not Possible,$2.67,$2.33,$2.34
